,parent,author,body,is_submitter,date,link
0,False,dataisbeautiful-bot,"Thank you for your [Original Content](https://www.reddit.com/r/dataisbeautiful/wiki/rules/rule3), /u/halfeatenscone!  
**Here is some important information about this post:**

* [View the author's citations](https://www.reddit.com/r/dataisbeautiful/comments/vmw0eu/oc_frequency_of_compound_insults_eg_poophead/ie3ggvw/)

* [View other OC posts by this author](https://www.reddit.com/r/dataisbeautiful/search?q=author%3A""halfeatenscone""+title%3AOC&sort=new&include_over_18=on&restrict_sr=on)

Remember that all visualizations on r/DataIsBeautiful should be viewed with a healthy dose of skepticism. If you see a potential issue or oversight in the visualization, please post a constructive comment below. Post approval does not signify that this visualization has been verified or its sources checked.

Not satisfied with this visual? Think you can do better? [Remix this visual](https://www.reddit.com/r/dataisbeautiful/wiki/rules/rule3#wiki_remixing) with the data in the author's citation.

---

^^[I'm&nbsp;open&nbsp;source](https://github.com/r-dataisbeautiful/dataisbeautiful-bot)&nbsp;|&nbsp;[How&nbsp;I&nbsp;work](https://www.reddit.com/r/dataisbeautiful/wiki/flair#wiki_oc_flair)",False,1656453998.0,/r/dataisbeautiful/comments/vmw0eu/oc_frequency_of_compound_insults_eg_poophead/ie40uso/
1,False,AZS9994,Let's get wankclown to take off!,False,1656446046.0,/r/dataisbeautiful/comments/vmw0eu/oc_frequency_of_compound_insults_eg_poophead/ie3hf0o/
2,ie3hf0o,north_tank,Wankclown being this low is criminal.,False,1656456570.0,/r/dataisbeautiful/comments/vmw0eu/oc_frequency_of_compound_insults_eg_poophead/ie46m0b/
3,ie46m0b,Nice-Violinist-6395,"‚ÄúScumwit‚Äù is my favorite. 
 
Simple, colloquial, it rolls off the tongue, I can imagine a British butler saying it‚Ä¶ 
 
‚Äú*Oi! Bring the car around, you scumwit*‚Äù",False,1656475278.0,/r/dataisbeautiful/comments/vmw0eu/oc_frequency_of_compound_insults_eg_poophead/ie58qta/
4,ie46m0b,,Wankclown being so rare is completely becoming of a bunch of Reddit wankclowns,False,1656489151.0,/r/dataisbeautiful/comments/vmw0eu/oc_frequency_of_compound_insults_eg_poophead/ie5sir7/
5,ie46m0b,ChefInF,"Stfu, dirtlord",False,1656490215.0,/r/dataisbeautiful/comments/vmw0eu/oc_frequency_of_compound_insults_eg_poophead/ie5trx8/
6,ie3hf0o,121gigawhatevs,"You‚Äôd hope so, you dirttard wankclown",False,1656450779.0,/r/dataisbeautiful/comments/vmw0eu/oc_frequency_of_compound_insults_eg_poophead/ie3tak5/
7,ie3tak5,RohypnolJunkie,Sounds like something a dumbgoblin would say,False,1656457915.0,/r/dataisbeautiful/comments/vmw0eu/oc_frequency_of_compound_insults_eg_poophead/ie49k5s/
8,ie3tak5,SheepGoesBaaaa,Sounds like something a wanksucker would say,False,1656461073.0,/r/dataisbeautiful/comments/vmw0eu/oc_frequency_of_compound_insults_eg_poophead/ie4gbl0/
9,ie3hf0o,redsterXVI,"ngl, wankclown is my new favorite Reddit insult.",False,1656455358.0,/r/dataisbeautiful/comments/vmw0eu/oc_frequency_of_compound_insults_eg_poophead/ie43whv/
10,ie43whv,Christmas_Panda,Don't be such a dipgoblin.,False,1656496840.0,/r/dataisbeautiful/comments/vmw0eu/oc_frequency_of_compound_insults_eg_poophead/ie61j47/
11,ie3hf0o,almost_not_terrible,"Shut up, wankclown!",False,1656449355.0,/r/dataisbeautiful/comments/vmw0eu/oc_frequency_of_compound_insults_eg_poophead/ie3prkp/
12,ie3prkp,funk-it-all,This thread is gonna up the stats a bit,False,1656460404.0,/r/dataisbeautiful/comments/vmw0eu/oc_frequency_of_compound_insults_eg_poophead/ie4evxy/
13,ie3hf0o,MisterPeach,We are all wankclowns on this blessed day,False,1656454530.0,/r/dataisbeautiful/comments/vmw0eu/oc_frequency_of_compound_insults_eg_poophead/ie421ro/
14,ie3hf0o,,Let‚Äôs get takeclown to wank off!,False,1656452648.0,/r/dataisbeautiful/comments/vmw0eu/oc_frequency_of_compound_insults_eg_poophead/ie3xq9b/
15,ie3hf0o,boktanbirnick,Wankclown gang!,False,1656452846.0,/r/dataisbeautiful/comments/vmw0eu/oc_frequency_of_compound_insults_eg_poophead/ie3y73h/
16,False,TheLordHatesACoward,"Ahhh ""Dipstick"", the daring swear word for a seven year old in the UK.",False,1656446771.0,/r/dataisbeautiful/comments/vmw0eu/oc_frequency_of_compound_insults_eg_poophead/ie3ja9m/
17,ie3ja9m,The3aGl3,All the car related subs greatly contributing to it's use...,False,1656456254.0,/r/dataisbeautiful/comments/vmw0eu/oc_frequency_of_compound_insults_eg_poophead/ie45wo3/
18,ie45wo3,,You screwdriver dipstick jerrycan!,False,1656482366.0,/r/dataisbeautiful/comments/vmw0eu/oc_frequency_of_compound_insults_eg_poophead/ie5jv2v/
19,ie45wo3,Gillmacs,The bumbag (British for fanny pack) community getting a bad rep too.,False,1656510990.0,/r/dataisbeautiful/comments/vmw0eu/oc_frequency_of_compound_insults_eg_poophead/ie6pebx/
20,ie45wo3,aksnowraven,"Ja, do we need a context filter?",False,1656471729.0,/r/dataisbeautiful/comments/vmw0eu/oc_frequency_of_compound_insults_eg_poophead/ie52755/
21,ie3ja9m,DoverBoys,It's my favorite Junkrat voiceline.,False,1656455128.0,/r/dataisbeautiful/comments/vmw0eu/oc_frequency_of_compound_insults_eg_poophead/ie43dzi/
22,ie43dzi,Baumpaladin,"I can still hear it so clearly, even after not playing for over 2 years... ah, the voice line spam.",False,1656457955.0,/r/dataisbeautiful/comments/vmw0eu/oc_frequency_of_compound_insults_eg_poophead/ie49n88/
23,ie3ja9m,a_hirst,"I feel like a lot of the underused ones here have potential to be decent British insults. I mean, twatclown and wankgoblin already sound like something I've said myself",False,1656464230.0,/r/dataisbeautiful/comments/vmw0eu/oc_frequency_of_compound_insults_eg_poophead/ie4mxmf/
24,False,namechecksout35,I'm seeing some real opportunity in this chart.,False,1656445699.0,/r/dataisbeautiful/comments/vmw0eu/oc_frequency_of_compound_insults_eg_poophead/ie3gj3u/
25,ie3gj3u,Big_Knife_SK,Spoken like a true twatgoblin.,False,1656446308.0,/r/dataisbeautiful/comments/vmw0eu/oc_frequency_of_compound_insults_eg_poophead/ie3i33h/
26,ie3i33h,SaffronBanditAmt,quiet you libsucker,False,1656446449.0,/r/dataisbeautiful/comments/vmw0eu/oc_frequency_of_compound_insults_eg_poophead/ie3ig9f/
27,ie3i33h,MarioMCPQ,"OH.... helll!  
I just spotted dip goblin!  
I'm dead!!!!  :D",False,1656446639.0,/r/dataisbeautiful/comments/vmw0eu/oc_frequency_of_compound_insults_eg_poophead/ie3ixuj/
28,ie3i33h,Never_Duplicated,This chart has opened my eyes to how underutilized goblin is as a suffix,False,1656457016.0,/r/dataisbeautiful/comments/vmw0eu/oc_frequency_of_compound_insults_eg_poophead/ie47lry/
29,ie3gj3u,juggett,I‚Äôve yet to see a real shitshit in the Reddit wild. I must be looking in the wrong places.,False,1656447704.0,/r/dataisbeautiful/comments/vmw0eu/oc_frequency_of_compound_insults_eg_poophead/ie3lmzj/
30,ie3lmzj,freerangetacos,try up your assass haha,False,1656447914.0,/r/dataisbeautiful/comments/vmw0eu/oc_frequency_of_compound_insults_eg_poophead/ie3m5u5/
31,ie3lmzj,DoktoroKiu,"It's obviously next to assass, you poop-clown.",False,1656448064.0,/r/dataisbeautiful/comments/vmw0eu/oc_frequency_of_compound_insults_eg_poophead/ie3mj66/
32,ie3lmzj,Account_password,"It's too common to be a mistake, and not common enough to be just ""shit"". I imagine it's something like ""shitshitshitshitshit"" in response to a horror game, or something bad, and not actually used as an insult.",False,1656472178.0,/r/dataisbeautiful/comments/vmw0eu/oc_frequency_of_compound_insults_eg_poophead/ie532iw/
33,ie3gj3u,ShodoDeka,"I mean, wankclown seems highly underused.",False,1656449489.0,/r/dataisbeautiful/comments/vmw0eu/oc_frequency_of_compound_insults_eg_poophead/ie3q3uq/
34,ie3q3uq,John_Mansaw,"Wank clown, or clown wank? Both have situational applications.",False,1656459643.0,/r/dataisbeautiful/comments/vmw0eu/oc_frequency_of_compound_insults_eg_poophead/ie4d9qk/
35,ie3q3uq,upboatsnhoes,The entire clown suffix is underappreciated.,False,1656468061.0,/r/dataisbeautiful/comments/vmw0eu/oc_frequency_of_compound_insults_eg_poophead/ie4ur4c/
36,ie3q3uq,crushdepthdummy,Sounds like a birthday party that ends in handcuffs.,False,1656458291.0,/r/dataisbeautiful/comments/vmw0eu/oc_frequency_of_compound_insults_eg_poophead/ie4acv9/
37,ie3q3uq,LunaticScience,I was amazed that wank-hat has a few uses and wank-clown has zero. What type of wank-clown is using wank-hat?,False,1656462362.0,/r/dataisbeautiful/comments/vmw0eu/oc_frequency_of_compound_insults_eg_poophead/ie4j1ki/
38,ie3gj3u,,Wanksucker is underappreciated - just saying.,False,1656449707.0,/r/dataisbeautiful/comments/vmw0eu/oc_frequency_of_compound_insults_eg_poophead/ie3qnr7/
39,ie3qnr7,katastrophyx,"I agree. Wanksucker has officially been added to my lexicon, and I think between the two of us we've tripled the number of times it's ever been used.",False,1656456735.0,/r/dataisbeautiful/comments/vmw0eu/oc_frequency_of_compound_insults_eg_poophead/ie46zd7/
40,ie3qnr7,,Shut up wanksucker,False,1656464381.0,/r/dataisbeautiful/comments/vmw0eu/oc_frequency_of_compound_insults_eg_poophead/ie4n8x8/
41,ie3gj3u,modelvillager,So much potential. Trumpgoblin has legs.,False,1656447374.0,/r/dataisbeautiful/comments/vmw0eu/oc_frequency_of_compound_insults_eg_poophead/ie3ktdc/
42,ie3ktdc,the-new-manager,That is two levels under a wank stain and three levels under twat waffle.,False,1656448492.0,/r/dataisbeautiful/comments/vmw0eu/oc_frequency_of_compound_insults_eg_poophead/ie3nloa/
43,ie3ktdc,,"Trumpgoblin is low, very low.

Please let this become a thing...",False,1656449892.0,/r/dataisbeautiful/comments/vmw0eu/oc_frequency_of_compound_insults_eg_poophead/ie3r4do/
44,ie3gj3u,softspaken,Real disappointed cumgoblin isn't here,False,1656449804.0,/r/dataisbeautiful/comments/vmw0eu/oc_frequency_of_compound_insults_eg_poophead/ie3qweh/
45,ie3qweh,MelMac5,Douchecanoe completely snubbed,False,1656468591.0,/r/dataisbeautiful/comments/vmw0eu/oc_frequency_of_compound_insults_eg_poophead/ie4vuk6/
46,ie3gj3u,anduypanduy,"Noone in the comments section has ever used the word ""dirthat"" I feel like quite the pioneer.",False,1656450977.0,/r/dataisbeautiful/comments/vmw0eu/oc_frequency_of_compound_insults_eg_poophead/ie3trql/
47,ie3trql,,Dirt-tard got me going,False,1656460737.0,/r/dataisbeautiful/comments/vmw0eu/oc_frequency_of_compound_insults_eg_poophead/ie4flp6/
48,ie3gj3u,BradyT1314,Ok cockboy.,False,1656451458.0,/r/dataisbeautiful/comments/vmw0eu/oc_frequency_of_compound_insults_eg_poophead/ie3ux2q/
49,ie3gj3u,TeamRedundancyTeam,A lot of underused scum ones. I like scumgoblin a lot.,False,1656451793.0,/r/dataisbeautiful/comments/vmw0eu/oc_frequency_of_compound_insults_eg_poophead/ie3vp89/
50,ie3gj3u,dnuohxof1,Shut up you bumclown,False,1656451961.0,/r/dataisbeautiful/comments/vmw0eu/oc_frequency_of_compound_insults_eg_poophead/ie3w3j4/
51,ie3w3j4,pcpoobag,This had me in tears,False,1656457670.0,/r/dataisbeautiful/comments/vmw0eu/oc_frequency_of_compound_insults_eg_poophead/ie491c9/
52,ie3w3j4,talarus,This is the most 5th grade insult ever I love it,False,1656474366.0,/r/dataisbeautiful/comments/vmw0eu/oc_frequency_of_compound_insults_eg_poophead/ie574ye/
53,ie3gj3u,timthisis,"A group of friends in my high school used to try to combine words for new insults.

I always thought bastard pants was funny. 

At one point in the movie Grandma's Boy Alex is called shit lips which is equally silly.",False,1656455033.0,/r/dataisbeautiful/comments/vmw0eu/oc_frequency_of_compound_insults_eg_poophead/ie436ct/
54,ie3gj3u,ohnjaynb,"I totally forgot about fucksucker. It was one of my favorites ever since the line, ""go suck a fuck!"" From the film Donnie Darko.",False,1656455615.0,/r/dataisbeautiful/comments/vmw0eu/oc_frequency_of_compound_insults_eg_poophead/ie44h5p/
55,ie3gj3u,MrPahoehoe,"Wank clown is criminally underused! BRB I‚Äôm gonna go get into some arguments real quick

Edit: this thing is fucking gold! Poop shit surprisingly has some history",False,1656451472.0,/r/dataisbeautiful/comments/vmw0eu/oc_frequency_of_compound_insults_eg_poophead/ie3uyan/
56,ie3gj3u,niftyhippie,This is why I Reddit.,False,1656454052.0,/r/dataisbeautiful/comments/vmw0eu/oc_frequency_of_compound_insults_eg_poophead/ie40z7f/
57,False,smoke25ofd,I spent too long studying this.,False,1656446412.0,/r/dataisbeautiful/comments/vmw0eu/oc_frequency_of_compound_insults_eg_poophead/ie3ictb/
58,ie3ictb,Slazman999,I saved it for future reference. Might make a randomizer with it.,False,1656454613.0,/r/dataisbeautiful/comments/vmw0eu/oc_frequency_of_compound_insults_eg_poophead/ie428hv/
59,ie428hv,TheTechSpec,"If you do please add ""fuck"" to the suffixes I feel like we're missing a lot of red squares without it as a suffix.",False,1656460589.0,/r/dataisbeautiful/comments/vmw0eu/oc_frequency_of_compound_insults_eg_poophead/ie4fa71/
60,ie3ictb,cb1991,I‚Äôve been chuckling like a little schoolboy for like 5 minutes,False,1656447467.0,/r/dataisbeautiful/comments/vmw0eu/oc_frequency_of_compound_insults_eg_poophead/ie3l1op/
61,ie3l1op,mysterious_union,Sounds like something a bum goblin would say.,False,1656447930.0,/r/dataisbeautiful/comments/vmw0eu/oc_frequency_of_compound_insults_eg_poophead/ie3m75o/
62,ie3l1op,ExtraPockets,There's something beautiful unlocked here in this data and I'd like to see more. I expected the word  'shit' to have the largest range of pairings.,False,1656453383.0,/r/dataisbeautiful/comments/vmw0eu/oc_frequency_of_compound_insults_eg_poophead/ie3zgac/
63,ie3l1op,Khyron_2500,I‚Äôve been laughing like a wankwaffle and I‚Äôm not ashamed.,False,1656448069.0,/r/dataisbeautiful/comments/vmw0eu/oc_frequency_of_compound_insults_eg_poophead/ie3mjlp/
64,ie3l1op,macaronisalad,"Same, ‚Äúpooplord‚Äù got me rolling",False,1656453885.0,/r/dataisbeautiful/comments/vmw0eu/oc_frequency_of_compound_insults_eg_poophead/ie40lnl/
65,ie3ictb,CheckOutUserNamesLad,"Shut up, lib-bag",False,1656448948.0,/r/dataisbeautiful/comments/vmw0eu/oc_frequency_of_compound_insults_eg_poophead/ie3or0s/
66,ie3or0s,Slazman999,"Whatever, wank-clown",False,1656454764.0,/r/dataisbeautiful/comments/vmw0eu/oc_frequency_of_compound_insults_eg_poophead/ie42ksa/
67,ie3or0s,,probably the worst in the matrix,False,1656450078.0,/r/dataisbeautiful/comments/vmw0eu/oc_frequency_of_compound_insults_eg_poophead/ie3rl4i/
68,ie3or0s,jj461346,Says the wank clown,False,1656466448.0,/r/dataisbeautiful/comments/vmw0eu/oc_frequency_of_compound_insults_eg_poophead/ie4rfk6/
69,ie3ictb,JulesDescotte,"And I was left here wondering why so many people have been using twatwaffle, and why have I not until now.",False,1656456733.0,/r/dataisbeautiful/comments/vmw0eu/oc_frequency_of_compound_insults_eg_poophead/ie46z5j/
70,ie46z5j,yeahitslikethat,"Oh man, TwatWaffle has been in my daily repertoire for about a year. I always feel better after saying about my co-worker under my breath. She‚Äôs the Twattiest of the Waffles.",False,1656460877.0,/r/dataisbeautiful/comments/vmw0eu/oc_frequency_of_compound_insults_eg_poophead/ie4fwhe/
71,ie46z5j,ParticularGoal3221,What is this thing you speak of?....the twatwaffle.  New insult filed into brain thank you.,False,1656473059.0,/r/dataisbeautiful/comments/vmw0eu/oc_frequency_of_compound_insults_eg_poophead/ie54qj5/
72,ie3ictb,teproxy,Honestly misreading it has produced interesting results. Wankboy? Fuckshit? Sounds good to me.,False,1656458755.0,/r/dataisbeautiful/comments/vmw0eu/oc_frequency_of_compound_insults_eg_poophead/ie4bcoo/
73,ie3ictb,maverick1ba,This is fucking gold. I'm going to capitalize on all the underutilized compounds.,False,1656460144.0,/r/dataisbeautiful/comments/vmw0eu/oc_frequency_of_compound_insults_eg_poophead/ie4ebuo/
74,False,halfeatenscone,"Dataset and code are on GitHub [here](https://github.com/colinmorris/pejorative-compounds). This matrix only shows less than 10% of the [full dataset of ~4,800 possible compounds](https://github.com/colinmorris/pejorative-compounds/blob/master/counts.csv) (warning: linked file contains very offensive language!).

I wrote up a deep dive into the data as a blog post [here](https://colinmorris.github.io/blog/compound-curse-words).",True,1656445675.0,/r/dataisbeautiful/comments/vmw0eu/oc_frequency_of_compound_insults_eg_poophead/ie3ggvw/
75,ie3ggvw,Enter_Octopus,"According to this data, I just become the first person on Reddit to say pooppirate.",False,1656447811.0,/r/dataisbeautiful/comments/vmw0eu/oc_frequency_of_compound_insults_eg_poophead/ie3lwjx/
76,ie3lwjx,halfeatenscone,"Alas, [you were scooped](https://www.reddit.com/r/Unexpected/comments/phzabw/thats_the_real_slim_shady/hbm91no/). (I scraped this dataset about a year ago, so it doesn't include any comments from 2021 on.)

""Pooppuffin"" is still up for grabs though. Oh, wait.",True,1656448224.0,/r/dataisbeautiful/comments/vmw0eu/oc_frequency_of_compound_insults_eg_poophead/ie3mxme/
77,ie3lwjx,Asswaterpirate,">pooppirate

Who would dare summon me",False,1656487891.0,/r/dataisbeautiful/comments/vmw0eu/oc_frequency_of_compound_insults_eg_poophead/ie5r0st/
78,ie3lwjx,TheSpanxxx,I'm kinda wanting to start wankclown.,False,1656463953.0,/r/dataisbeautiful/comments/vmw0eu/oc_frequency_of_compound_insults_eg_poophead/ie4mcq6/
79,ie3ggvw,JudeMakesMaps,"I spend a lot of time on this sub, as well as MapPorn, enjoying great data visualisations. The simplicity of your post, and the very human element it speaks to, makes it one of my favourite posts of all time. You've also created one of the best comments sections ever. Can't stop chuckling. Bravo.",False,1656452605.0,/r/dataisbeautiful/comments/vmw0eu/oc_frequency_of_compound_insults_eg_poophead/ie3xmgx/
80,ie3ggvw,TheRealHirohikoAraki,"Alright, who's the absolute chad who called someone a ""Cum Canoe""?",False,1656452695.0,/r/dataisbeautiful/comments/vmw0eu/oc_frequency_of_compound_insults_eg_poophead/ie3xub9/
81,ie3xub9,TheKingOfToast,"https://www.reddit.com/r/relationship_advice/comments/ce52m6/why_does_she_keep_telling_me_about_past_sexual/etyqlbj/

It was actually used again in January of this year, but OP said he onlt has data pre 2021",False,1656468839.0,/r/dataisbeautiful/comments/vmw0eu/oc_frequency_of_compound_insults_eg_poophead/ie4wd62/
82,ie3xub9,RedditorClo,"You tell me, Cumazoid",False,1656463920.0,/r/dataisbeautiful/comments/vmw0eu/oc_frequency_of_compound_insults_eg_poophead/ie4ma8o/
83,ie3ggvw,bc2zb,Now we need this added to subreddit simulator,False,1656456045.0,/r/dataisbeautiful/comments/vmw0eu/oc_frequency_of_compound_insults_eg_poophead/ie45fsj/
84,ie3ggvw,robertgunt,I love and appreciate your service.,False,1656448011.0,/r/dataisbeautiful/comments/vmw0eu/oc_frequency_of_compound_insults_eg_poophead/ie3mej5/
85,ie3ggvw,theMistersofCirce,"I am so pleased that you discussed orthographical awkwardness in your blog post, because I can think of no other reason that we aren't all out here slinging terms like ""bummonkey"" left and right. 

Also, this is such a fun data project. I can't stop cackling like a dipgoblin.",False,1656456406.0,/r/dataisbeautiful/comments/vmw0eu/oc_frequency_of_compound_insults_eg_poophead/ie468xw/
86,ie3ggvw,ByteWhisperer,Saved this comment for research purposes.,False,1656448256.0,/r/dataisbeautiful/comments/vmw0eu/oc_frequency_of_compound_insults_eg_poophead/ie3n0is/
87,ie3ggvw,Birdy_Cephon_Altera,"Alas, woefully incomplete.  Totally missing ""nerf"" on the y-axis, and ""herder"" on the x-axis.",False,1656457746.0,/r/dataisbeautiful/comments/vmw0eu/oc_frequency_of_compound_insults_eg_poophead/ie4976q/
88,ie3ggvw,hillboy619,How does one get 23850.825 of spitball? Space between words are different or something?,False,1656458158.0,/r/dataisbeautiful/comments/vmw0eu/oc_frequency_of_compound_insults_eg_poophead/ie4a2ua/
89,ie3ggvw,crimony70,"I like it.

One question, is it ""traditional"" to put the most common pairing on the main diagonal?

Edit: and then sort the rows by absolute frequency",False,1656454739.0,/r/dataisbeautiful/comments/vmw0eu/oc_frequency_of_compound_insults_eg_poophead/ie42irl/
90,ie42irl,halfeatenscone,"Ooh, that's a really interesting idea. But, for example, 'bag' is the most frequent suffix for both 'scum' and 'douche', so you wouldn't be able to put both of those on the main diagonal.",True,1656455347.0,/r/dataisbeautiful/comments/vmw0eu/oc_frequency_of_compound_insults_eg_poophead/ie43vo3/
91,ie3ggvw,keera1452,This is the best thing I‚Äôve seen in a long time. Thank you for making something so close to my heart. Data around swearing is perfection to a data analyst who swears a lot (aka me),False,1656457899.0,/r/dataisbeautiful/comments/vmw0eu/oc_frequency_of_compound_insults_eg_poophead/ie49ivc/
92,False,brig135,"5k+ uses of ""ass ass."" Love it",False,1656447120.0,/r/dataisbeautiful/comments/vmw0eu/oc_frequency_of_compound_insults_eg_poophead/ie3k6g6/
93,ie3k6g6,CharmingTuber,Is it possible that ass-ass is being counted when someone calls you a dumbass asshole or something similar?,False,1656449609.0,/r/dataisbeautiful/comments/vmw0eu/oc_frequency_of_compound_insults_eg_poophead/ie3qetl/
94,ie3qetl,Aluzionz,"I'm thinking it could be a data issue, as a word like assassin will be picked up by this, unless explicitly removed from results.",False,1656449975.0,/r/dataisbeautiful/comments/vmw0eu/oc_frequency_of_compound_insults_eg_poophead/ie3rbw3/
95,ie3k6g6,Todd-The-Wraith,[assbutt](https://youtu.be/VJdfahyIP7g) is conspicuously missing.,False,1656454033.0,/r/dataisbeautiful/comments/vmw0eu/oc_frequency_of_compound_insults_eg_poophead/ie40xph/
96,ie40xph,dave14920,'fuck' as a suffix is also missing :/,False,1656456779.0,/r/dataisbeautiful/comments/vmw0eu/oc_frequency_of_compound_insults_eg_poophead/ie472su/
97,ie3k6g6,Leothecat24,Same with shit shit,False,1656455184.0,/r/dataisbeautiful/comments/vmw0eu/oc_frequency_of_compound_insults_eg_poophead/ie43ill/
98,ie43ill,yoaver,Sounds like a dog's name,False,1656456918.0,/r/dataisbeautiful/comments/vmw0eu/oc_frequency_of_compound_insults_eg_poophead/ie47dxh/
99,ie3k6g6,,[deleted],False,1656456158.0,/r/dataisbeautiful/comments/vmw0eu/oc_frequency_of_compound_insults_eg_poophead/ie45ozp/
100,False,Foxiestofstoats,It seems wanksucker has been criminally underused,False,1656446782.0,/r/dataisbeautiful/comments/vmw0eu/oc_frequency_of_compound_insults_eg_poophead/ie3jbah/
101,ie3jbah,ole_shanksies,Get a load of this wanksucker,False,1656447420.0,/r/dataisbeautiful/comments/vmw0eu/oc_frequency_of_compound_insults_eg_poophead/ie3kxg7/
102,ie3kxg7,Foxiestofstoats,Oi I take offense to that you wanksucker,False,1656447650.0,/r/dataisbeautiful/comments/vmw0eu/oc_frequency_of_compound_insults_eg_poophead/ie3li49/
103,ie3jbah,CallMeCrews,Spoken like a true bum waffle,False,1656452972.0,/r/dataisbeautiful/comments/vmw0eu/oc_frequency_of_compound_insults_eg_poophead/ie3yhov/
104,ie3jbah,Aldo24Flores,Where are my dirt-hat users?,False,1656464100.0,/r/dataisbeautiful/comments/vmw0eu/oc_frequency_of_compound_insults_eg_poophead/ie4mnvl/
105,False,striped_frog,"Now we start combining two words from the same set.  
  
Buttpoop, cockdip, hatlord, clownstain...",False,1656446843.0,/r/dataisbeautiful/comments/vmw0eu/oc_frequency_of_compound_insults_eg_poophead/ie3jgwk/
106,ie3jgwk,BonerForJustice,Hatlord. When you want to take it up a notch from dirt-hat.,False,1656453753.0,/r/dataisbeautiful/comments/vmw0eu/oc_frequency_of_compound_insults_eg_poophead/ie40b01/
107,ie40b01,KKlear,Not many people can pull that off though. You're more likely to end up a hattard.,False,1656457490.0,/r/dataisbeautiful/comments/vmw0eu/oc_frequency_of_compound_insults_eg_poophead/ie48n8v/
108,ie40b01,holyvegetables,M'lady,False,1656461626.0,/r/dataisbeautiful/comments/vmw0eu/oc_frequency_of_compound_insults_eg_poophead/ie4hhx1/
109,ie40b01,,That just sounds like a compliment.,False,1656463328.0,/r/dataisbeautiful/comments/vmw0eu/oc_frequency_of_compound_insults_eg_poophead/ie4l1gb/
110,ie40b01,samppsons,Damn thats hat af,False,1656463411.0,/r/dataisbeautiful/comments/vmw0eu/oc_frequency_of_compound_insults_eg_poophead/ie4l7ph/
111,ie40b01,LIEUTENANT__CRUNCH,I was surprised by the popularity of dirtlord.,False,1656463705.0,/r/dataisbeautiful/comments/vmw0eu/oc_frequency_of_compound_insults_eg_poophead/ie4ltvy/
112,ie40b01,Birdy_Cephon_Altera,"Why not build on it further, and become a DirtHatLord?",False,1656457845.0,/r/dataisbeautiful/comments/vmw0eu/oc_frequency_of_compound_insults_eg_poophead/ie49epd/
113,ie40b01,blue-jaypeg,Only a pork-pie hat can make you a hat-lord. Fedora makes you a hat-tard.,False,1656464701.0,/r/dataisbeautiful/comments/vmw0eu/oc_frequency_of_compound_insults_eg_poophead/ie4nwxe/
114,ie3jgwk,Cheddarface,Clownstain is *art*.,False,1656451326.0,/r/dataisbeautiful/comments/vmw0eu/oc_frequency_of_compound_insults_eg_poophead/ie3ulsv/
115,ie3ulsv,DopeAbsurdity,Clownstain - any or all stains produced by any fluids from a clown,False,1656457125.0,/r/dataisbeautiful/comments/vmw0eu/oc_frequency_of_compound_insults_eg_poophead/ie47uev/
116,ie3ulsv,PatacusX,Clownstain got an audible chortle out of me,False,1656457981.0,/r/dataisbeautiful/comments/vmw0eu/oc_frequency_of_compound_insults_eg_poophead/ie49p7u/
117,ie3ulsv,Rorcan,*Chef‚Äôs kiss*,False,1656458457.0,/r/dataisbeautiful/comments/vmw0eu/oc_frequency_of_compound_insults_eg_poophead/ie4apq9/
118,ie3ulsv,evenstar40,Next insult I throw at someone will be clownstain. Making it happen.,False,1656461390.0,/r/dataisbeautiful/comments/vmw0eu/oc_frequency_of_compound_insults_eg_poophead/ie4gzqx/
119,ie3ulsv,lonleyhumanbeing,Clownstain made me choke.,False,1656463054.0,/r/dataisbeautiful/comments/vmw0eu/oc_frequency_of_compound_insults_eg_poophead/ie4kh5x/
120,ie3jgwk,sometimes-i-rhyme,This is making me laugh too had. People are looking.,False,1656452549.0,/r/dataisbeautiful/comments/vmw0eu/oc_frequency_of_compound_insults_eg_poophead/ie3xhp8/
121,ie3xhp8,oddible,"Same, I'm sitting here at the bar crying my eyes out like a complete tardlord.",False,1656473257.0,/r/dataisbeautiful/comments/vmw0eu/oc_frequency_of_compound_insults_eg_poophead/ie553so/
122,ie3jgwk,MixedMartyr,">cockdip

new verb acquired",False,1656454608.0,/r/dataisbeautiful/comments/vmw0eu/oc_frequency_of_compound_insults_eg_poophead/ie4281z/
123,ie4281z,redCasObserver,"How's the date going? Looking good, I might go for the cockdip",False,1656480735.0,/r/dataisbeautiful/comments/vmw0eu/oc_frequency_of_compound_insults_eg_poophead/ie5hjyl/
124,ie3jgwk,dylan000o,You‚Äôre a poopshit,False,1656454493.0,/r/dataisbeautiful/comments/vmw0eu/oc_frequency_of_compound_insults_eg_poophead/ie41ytm/
125,ie41ytm,voldi_II,says the trumpbutt,False,1656466787.0,/r/dataisbeautiful/comments/vmw0eu/oc_frequency_of_compound_insults_eg_poophead/ie4s4aw/
126,ie3jgwk,xerim,clownstain sounds brutal,False,1656458226.0,/r/dataisbeautiful/comments/vmw0eu/oc_frequency_of_compound_insults_eg_poophead/ie4a7y2/
127,False,dlegofan,"Dirthat seems to be underused. I will help sway the scales, dirthat.
 
Edit: dirthats, stop replying to this. You're blowing up my inbox.",False,1656446034.0,/r/dataisbeautiful/comments/vmw0eu/oc_frequency_of_compound_insults_eg_poophead/ie3hdvw/
128,ie3hdvw,QualityKoalaTeacher,Eat grass dirtboy,False,1656448438.0,/r/dataisbeautiful/comments/vmw0eu/oc_frequency_of_compound_insults_eg_poophead/ie3ngsv/
129,ie3ngsv,Character_Bear_1059,"Take a hike, dumbgoblin.",False,1656449154.0,/r/dataisbeautiful/comments/vmw0eu/oc_frequency_of_compound_insults_eg_poophead/ie3p9gm/
130,ie3hdvw,Kalorama_Master,You dirttard,False,1656446680.0,/r/dataisbeautiful/comments/vmw0eu/oc_frequency_of_compound_insults_eg_poophead/ie3j1ty/
131,ie3j1ty,dlegofan,"Thanks, dirtwit",False,1656447531.0,/r/dataisbeautiful/comments/vmw0eu/oc_frequency_of_compound_insults_eg_poophead/ie3l7dr/
132,ie3j1ty,h4xrk1m,"Don't call him that, you bumwaffle.",False,1656448265.0,/r/dataisbeautiful/comments/vmw0eu/oc_frequency_of_compound_insults_eg_poophead/ie3n1bu/
133,ie3hdvw,usumoio,Whatever wank-waffle.,False,1656451268.0,/r/dataisbeautiful/comments/vmw0eu/oc_frequency_of_compound_insults_eg_poophead/ie3ugu0/
134,ie3ugu0,Car-face,such a trumpboy,False,1656455267.0,/r/dataisbeautiful/comments/vmw0eu/oc_frequency_of_compound_insults_eg_poophead/ie43p73/
135,ie3hdvw,HueJass84,I like the sound of scumwit.,False,1656450392.0,/r/dataisbeautiful/comments/vmw0eu/oc_frequency_of_compound_insults_eg_poophead/ie3scs5/
136,ie3scs5,Vylinful,Poop goblin is a grand insult,False,1656456250.0,/r/dataisbeautiful/comments/vmw0eu/oc_frequency_of_compound_insults_eg_poophead/ie45wdo/
137,ie3hdvw,lord_ne,dir that,False,1656449761.0,/r/dataisbeautiful/comments/vmw0eu/oc_frequency_of_compound_insults_eg_poophead/ie3qsjj/
138,ie3hdvw,FlarvinTheMagi,Stupid dirthat wanknozzle,False,1656452871.0,/r/dataisbeautiful/comments/vmw0eu/oc_frequency_of_compound_insults_eg_poophead/ie3y99n/
139,ie3hdvw,firthy,Shit shit seems more popular than I‚Äôd have guessed.,False,1656450702.0,/r/dataisbeautiful/comments/vmw0eu/oc_frequency_of_compound_insults_eg_poophead/ie3t3vv/
140,False,dbbost,"This really shows the versatility of ""fuck,"" you bunch of wanksucking fuckclowns",False,1656448398.0,/r/dataisbeautiful/comments/vmw0eu/oc_frequency_of_compound_insults_eg_poophead/ie3nd7q/
141,ie3nd7q,halfeatenscone,"[""Shit"" actually slightly edges out ""fuck"" as the most versatile prefix](https://colinmorris.github.io/assets/compound_curses/prefix_collisions.png), at least for the metric of versatility that I used for that graph (sum of the logarithms of the counts across all corresponding suffixes - sort of equivalent to adding up the intensity of the colours across the whole row).",True,1656450471.0,/r/dataisbeautiful/comments/vmw0eu/oc_frequency_of_compound_insults_eg_poophead/ie3sjo3/
142,ie3sjo3,epicwisdom,"Sum of logarithms is just logarithm of the product, and logarithm is increasing, so really the ranking is just according to the product of counts. That's still somewhat popularity sensitive (e.g. 3 suffixes of 10K each will equal to 6 suffixes of 100 each).",False,1656454323.0,/r/dataisbeautiful/comments/vmw0eu/oc_frequency_of_compound_insults_eg_poophead/ie41kys/
143,ie3sjo3,einTier,"I bet no one has ever said ""skeezepecker"" before.",False,1656456320.0,/r/dataisbeautiful/comments/vmw0eu/oc_frequency_of_compound_insults_eg_poophead/ie461yx/
144,False,NarcissusLovesEcho,I've seen enough. I'm ready to declare this the chart of the year.,False,1656451659.0,/r/dataisbeautiful/comments/vmw0eu/oc_frequency_of_compound_insults_eg_poophead/ie3vdw5/
145,ie3vdw5,eastbayted,It's definitely gonna sweep this year's Charties.,False,1656487775.0,/r/dataisbeautiful/comments/vmw0eu/oc_frequency_of_compound_insults_eg_poophead/ie5qvrs/
146,False,epolonsky,"Unfortunately, the existence of this chart ensures that if you were to ever run the data again, it would come out as a homogenous shade of orange.

ETA: You scumwit.",False,1656448139.0,/r/dataisbeautiful/comments/vmw0eu/oc_frequency_of_compound_insults_eg_poophead/ie3mpvn/
147,ie3mpvn,,"Hey don‚Äôt call OP a scumwit, you dipgoblin!",False,1656452770.0,/r/dataisbeautiful/comments/vmw0eu/oc_frequency_of_compound_insults_eg_poophead/ie3y0ny/
148,ie3y0ny,jelly_bean_gangbang,"Hey don't call him that, you twatwaffle!",False,1656454227.0,/r/dataisbeautiful/comments/vmw0eu/oc_frequency_of_compound_insults_eg_poophead/ie41d75/
149,ie3mpvn,r3ign_b3au,We just have a new dataset to compare to!,False,1656455446.0,/r/dataisbeautiful/comments/vmw0eu/oc_frequency_of_compound_insults_eg_poophead/ie443mi/
150,ie3mpvn,RedSpikeyThing,"Maybe! It would definitely change, but I suspect some would be more popular than others.",False,1656457965.0,/r/dataisbeautiful/comments/vmw0eu/oc_frequency_of_compound_insults_eg_poophead/ie49nzd/
151,ie49nzd,WeeBabySeamus,I actually would love to see a comparison of this vs. the combos that appear in this thread. You could see directly which ones caught peoples attention.,False,1656482520.0,/r/dataisbeautiful/comments/vmw0eu/oc_frequency_of_compound_insults_eg_poophead/ie5k2rf/
152,ie3mpvn,91901bbaa13d40128f7d,"Yeah I'm really drawn to the light yellow boxes, you dirtnozzle.",False,1656459209.0,/r/dataisbeautiful/comments/vmw0eu/oc_frequency_of_compound_insults_eg_poophead/ie4cc3y/
153,ie3mpvn,,Just what the Trumpwaffles want.,False,1656462502.0,/r/dataisbeautiful/comments/vmw0eu/oc_frequency_of_compound_insults_eg_poophead/ie4jc2d/
154,False,Andreas1120,"Its missing the word ""hole"" come ON",False,1656452418.0,/r/dataisbeautiful/comments/vmw0eu/oc_frequency_of_compound_insults_eg_poophead/ie3x6ru/
155,ie3x6ru,Moose_Hole,Agreed.  Give us a hole!,False,1656453340.0,/r/dataisbeautiful/comments/vmw0eu/oc_frequency_of_compound_insults_eg_poophead/ie3zcnz/
156,ie3zcnz,fpsmiked,"Try fingers, but hole.",False,1656467022.0,/r/dataisbeautiful/comments/vmw0eu/oc_frequency_of_compound_insults_eg_poophead/ie4slsu/
157,ie3x6ru,fickenfingers,it would be like 99% porn,False,1656467864.0,/r/dataisbeautiful/comments/vmw0eu/oc_frequency_of_compound_insults_eg_poophead/ie4ucfm/
158,False,poohbear1025,"This is my new favorite data is beautiful post, thank you, twatnozzle.",False,1656446874.0,/r/dataisbeautiful/comments/vmw0eu/oc_frequency_of_compound_insults_eg_poophead/ie3jjs3/
159,ie3jjs3,squrr1,Twatwaffle is my favorite,False,1656457887.0,/r/dataisbeautiful/comments/vmw0eu/oc_frequency_of_compound_insults_eg_poophead/ie49hyt/
160,False,nico87ca,"It's also funny to see the most unpopular ones like ""dirt hat"".",False,1656448086.0,/r/dataisbeautiful/comments/vmw0eu/oc_frequency_of_compound_insults_eg_poophead/ie3ml60/
161,ie3ml60,ATN-Antronach,The fact that some of them even exist is just weird. Like who calls someone an assass?,False,1656479657.0,/r/dataisbeautiful/comments/vmw0eu/oc_frequency_of_compound_insults_eg_poophead/ie5fygu/
162,ie5fygu,Knightrealmic,Watch it pal. You‚Äôre kinda being an assass dirtwaffle with your comment there,False,1656480292.0,/r/dataisbeautiful/comments/vmw0eu/oc_frequency_of_compound_insults_eg_poophead/ie5gwj8/
163,False,rushmc1,"My original formulation, ""turdgargler,"" is still my favorite.",False,1656449028.0,/r/dataisbeautiful/comments/vmw0eu/oc_frequency_of_compound_insults_eg_poophead/ie3oych/
164,False,Jalinja,"Surprised by the prevalence of ""pissboy""",False,1656446762.0,/r/dataisbeautiful/comments/vmw0eu/oc_frequency_of_compound_insults_eg_poophead/ie3j9hp/
165,ie3j9hp,vonnegutflora,It's probably incredibly popular on certain niche NSFW subreddits if you catch my golden meaning.,False,1656447478.0,/r/dataisbeautiful/comments/vmw0eu/oc_frequency_of_compound_insults_eg_poophead/ie3l2mb/
166,ie3l2mb,Jalinja,Showers of comments using that word,False,1656451747.0,/r/dataisbeautiful/comments/vmw0eu/oc_frequency_of_compound_insults_eg_poophead/ie3vlbt/
167,ie3l2mb,KKlear,"I wouldn't know about that, being but a simple wankboy.",False,1656457369.0,/r/dataisbeautiful/comments/vmw0eu/oc_frequency_of_compound_insults_eg_poophead/ie48dr9/
168,ie3l2mb,donosairs,[‚ÄúI hope I piss myself and you call me your little peepee pisspiss boy‚Äù](https://youtu.be/-sMQpWCNTQw),False,1656461051.0,/r/dataisbeautiful/comments/vmw0eu/oc_frequency_of_compound_insults_eg_poophead/ie4g9v7/
169,ie3j9hp,sostias,"As far as I know, [this tumblr exchange](https://i.imgur.com/lFEIjzB.jpg) is what kicked off ""piss boy""",False,1656453929.0,/r/dataisbeautiful/comments/vmw0eu/oc_frequency_of_compound_insults_eg_poophead/ie40pb0/
170,ie40pb0,Crathsor,"History of the World Part I quotes might contribute, too.",False,1656464152.0,/r/dataisbeautiful/comments/vmw0eu/oc_frequency_of_compound_insults_eg_poophead/ie4mrpi/
171,ie3j9hp,,[removed],False,1656456444.0,/r/dataisbeautiful/comments/vmw0eu/oc_frequency_of_compound_insults_eg_poophead/ie46bxg/
172,ie3j9hp,Keithustus,Mel Brooks fans.,False,1656451687.0,/r/dataisbeautiful/comments/vmw0eu/oc_frequency_of_compound_insults_eg_poophead/ie3vg9s/
173,ie3vg9s,FalseDmitriy,Sire! You look like the Pissboy!,False,1656453083.0,/r/dataisbeautiful/comments/vmw0eu/oc_frequency_of_compound_insults_eg_poophead/ie3yr5p/
174,ie3j9hp,ComputersWantMeDead,"Bum-ass was the surprise for me

I mean.. aren't we all!?",False,1656449127.0,/r/dataisbeautiful/comments/vmw0eu/oc_frequency_of_compound_insults_eg_poophead/ie3p71h/
175,ie3p71h,dielawn87,"Naw it's not redundant, ass here is just a general slur. Like ""broke ass"", ""bitch ass"", ""trick ass"", etc.",False,1656458144.0,/r/dataisbeautiful/comments/vmw0eu/oc_frequency_of_compound_insults_eg_poophead/ie4a1rk/
176,ie3j9hp,Lord-llama,It‚Äôs a gen z thing,False,1656450063.0,/r/dataisbeautiful/comments/vmw0eu/oc_frequency_of_compound_insults_eg_poophead/ie3rjqa/
177,ie3rjqa,MyZootopiaThrowaway,Chart needs dogwater,False,1656451391.0,/r/dataisbeautiful/comments/vmw0eu/oc_frequency_of_compound_insults_eg_poophead/ie3urbb/
178,ie3j9hp,debtitor,Followed up by the only proper response: ‚Äúbucket of shit‚Äù.,False,1656450363.0,/r/dataisbeautiful/comments/vmw0eu/oc_frequency_of_compound_insults_eg_poophead/ie3sa8w/
179,ie3j9hp,_iam_that_iam_,I'm surprised by the prevalence of assass.,False,1656449997.0,/r/dataisbeautiful/comments/vmw0eu/oc_frequency_of_compound_insults_eg_poophead/ie3rdxc/
180,ie3j9hp,Dxxx2,Are we talking about Andrew Panton: Piss Boy?,False,1656457334.0,/r/dataisbeautiful/comments/vmw0eu/oc_frequency_of_compound_insults_eg_poophead/ie48b2v/
181,False,SachielBrasil,"Well... ""fucklord"" is not really an insult, right?

Now I wonder who used the ""twat goblin""...",False,1656446053.0,/r/dataisbeautiful/comments/vmw0eu/oc_frequency_of_compound_insults_eg_poophead/ie3hfn1/
182,ie3hfn1,,Is twatgoblin even an insult?,False,1656450157.0,/r/dataisbeautiful/comments/vmw0eu/oc_frequency_of_compound_insults_eg_poophead/ie3rs1w/
183,ie3rs1w,SachielBrasil,"Of course it is, you... you...

 (..let me check the table...)

... you lib bag!",False,1656450454.0,/r/dataisbeautiful/comments/vmw0eu/oc_frequency_of_compound_insults_eg_poophead/ie3si4e/
184,ie3rs1w,keera1452,Crotchgoblin is usually an insult for terrible children (as in a goblin from your crotch). I could easily see that goblin being substituted for that,False,1656458221.0,/r/dataisbeautiful/comments/vmw0eu/oc_frequency_of_compound_insults_eg_poophead/ie4a7ll/
185,ie3hfn1,elephauxxx,"https://www.reddit.com/r/AskReddit/comments/1dybin/what_is_the_funniest_1_or_2word_insult_you_know/c9v01x7/

First usage I can see",False,1656455940.0,/r/dataisbeautiful/comments/vmw0eu/oc_frequency_of_compound_insults_eg_poophead/ie4578g/
186,ie3hfn1,i8laura,Probably someone in one of the child-free subreddits,False,1656455276.0,/r/dataisbeautiful/comments/vmw0eu/oc_frequency_of_compound_insults_eg_poophead/ie43pu5/
187,ie43pu5,hirotdk,"This is definitely a more profane derivation of ""crotch goblin"".",False,1656455933.0,/r/dataisbeautiful/comments/vmw0eu/oc_frequency_of_compound_insults_eg_poophead/ie456rl/
188,False,,"The correlation in the use of ""Trump-tard"" and ""lib-tard"" is pretty funny",False,1656446584.0,/r/dataisbeautiful/comments/vmw0eu/oc_frequency_of_compound_insults_eg_poophead/ie3isuo/
189,ie3isuo,Baalsham,Spoken like a true Trump-Lib,False,1656452044.0,/r/dataisbeautiful/comments/vmw0eu/oc_frequency_of_compound_insults_eg_poophead/ie3wanl/
190,ie3wanl,The-Sofa-King,Shut up tard-tard,False,1656465674.0,/r/dataisbeautiful/comments/vmw0eu/oc_frequency_of_compound_insults_eg_poophead/ie4pugy/
191,ie3isuo,TeamRedundancyTeam,"What's up with libass though? That's terrible, who's using that?",False,1656451665.0,/r/dataisbeautiful/comments/vmw0eu/oc_frequency_of_compound_insults_eg_poophead/ie3veg3/
192,ie3veg3,,"Maybe it's used to add emphasis? Like, ""that's some lib-ass bullshit.""

Thats all I got, though",False,1656451805.0,/r/dataisbeautiful/comments/vmw0eu/oc_frequency_of_compound_insults_eg_poophead/ie3vq8t/
193,ie3veg3,,[deleted],False,1656453115.0,/r/dataisbeautiful/comments/vmw0eu/oc_frequency_of_compound_insults_eg_poophead/ie3yttn/
194,ie3veg3,samwho,https://github.com/libass/libass,False,1656456228.0,/r/dataisbeautiful/comments/vmw0eu/oc_frequency_of_compound_insults_eg_poophead/ie45ul2/
195,ie3isuo,Firrox,"I wanna know the people who are using ""liblord""",False,1656462088.0,/r/dataisbeautiful/comments/vmw0eu/oc_frequency_of_compound_insults_eg_poophead/ie4ih3o/
196,ie4ih3o,TheRealMisterMemer,"Me, that was my 360 username in 2008.",False,1656483901.0,/r/dataisbeautiful/comments/vmw0eu/oc_frequency_of_compound_insults_eg_poophead/ie5lyye/
197,ie3isuo,KKlear,Fucktard seems to be one both sides can agree on.,False,1656457413.0,/r/dataisbeautiful/comments/vmw0eu/oc_frequency_of_compound_insults_eg_poophead/ie48h6z/
198,ie3isuo,The_Celtic_Chemist,"I don't get how ""Trump waffle"" is more common than ""Trump nozzle"" or ""Trump goblin."" I like ""Trump stain"" too.",False,1656496393.0,/r/dataisbeautiful/comments/vmw0eu/oc_frequency_of_compound_insults_eg_poophead/ie6102p/
199,ie3isuo,CountofAccount,"The real juice is noticing that ""lib-X"" only has a few-highly used insults while ""Trump-X"" is more uniformly orange because of an assumed liberal preference for diversity in put-downs.",False,1656458833.0,/r/dataisbeautiful/comments/vmw0eu/oc_frequency_of_compound_insults_eg_poophead/ie4bitj/
200,False,64sweetsour,So you found the key to reddit and just gonna post it here just like that?,False,1656447992.0,/r/dataisbeautiful/comments/vmw0eu/oc_frequency_of_compound_insults_eg_poophead/ie3mcqz/
201,False,bgub,"Typical, low effort lib-nozzle work",False,1656446980.0,/r/dataisbeautiful/comments/vmw0eu/oc_frequency_of_compound_insults_eg_poophead/ie3jtma/
202,ie3jtma,halfeatenscone,"You would say that, you trumplicker.",True,1656447750.0,/r/dataisbeautiful/comments/vmw0eu/oc_frequency_of_compound_insults_eg_poophead/ie3lr3l/
203,ie3lr3l,the-grim,This chart is made by a real butt-hat,False,1656448042.0,/r/dataisbeautiful/comments/vmw0eu/oc_frequency_of_compound_insults_eg_poophead/ie3mh9b/
204,ie3lr3l,onetwothreefouronetw,"Wait... how did the suffix licker not earn a spot here? We've all failed, everyone. I'm ashamed.",False,1656468067.0,/r/dataisbeautiful/comments/vmw0eu/oc_frequency_of_compound_insults_eg_poophead/ie4urk5/
205,False,Dorkus_Mallorkus,This might be the single best piece of material this twatwaffle sub has ever produced.,False,1656453664.0,/r/dataisbeautiful/comments/vmw0eu/oc_frequency_of_compound_insults_eg_poophead/ie403pc/
206,False,Raveyard2409,Wankclown is sadly underrated,False,1656448061.0,/r/dataisbeautiful/comments/vmw0eu/oc_frequency_of_compound_insults_eg_poophead/ie3mivz/
207,ie3mivz,,Wank goblin is my new favorite.,False,1656463211.0,/r/dataisbeautiful/comments/vmw0eu/oc_frequency_of_compound_insults_eg_poophead/ie4ksq3/
208,False,bobbybuddha,Us brits are coming through with the Twat Waffle's.,False,1656445813.0,/r/dataisbeautiful/comments/vmw0eu/oc_frequency_of_compound_insults_eg_poophead/ie3gtjy/
209,ie3gtjy,WishOnSpaceHardware,"Oh I thought that was one of those American diner chains, like IHOP",False,1656447471.0,/r/dataisbeautiful/comments/vmw0eu/oc_frequency_of_compound_insults_eg_poophead/ie3l20x/
210,ie3l20x,Extra_Intro_Version,Twat House,False,1656451988.0,/r/dataisbeautiful/comments/vmw0eu/oc_frequency_of_compound_insults_eg_poophead/ie3w5vv/
211,ie3gtjy,youruswithwe,"I was wondering where that was from, I hadn't heard that before.",False,1656455596.0,/r/dataisbeautiful/comments/vmw0eu/oc_frequency_of_compound_insults_eg_poophead/ie44fno/
212,ie3gtjy,PlainclothesmanBaley,"I was going down the y axis trying to guess the most used suffix. I was sure ""cock"" was going to be ""womble""",False,1656456457.0,/r/dataisbeautiful/comments/vmw0eu/oc_frequency_of_compound_insults_eg_poophead/ie46czn/
213,False,thelordofscrubs,Who out there is using shit shit? Sounds like an endearing name for a dog,False,1656447582.0,/r/dataisbeautiful/comments/vmw0eu/oc_frequency_of_compound_insults_eg_poophead/ie3lbzz/
214,ie3lbzz,64sweetsour, Franky Two-Times,False,1656447847.0,/r/dataisbeautiful/comments/vmw0eu/oc_frequency_of_compound_insults_eg_poophead/ie3lzrq/
215,ie3lbzz,jwm3,"In all fairness, all of these are endearing names for a dog.",False,1656456171.0,/r/dataisbeautiful/comments/vmw0eu/oc_frequency_of_compound_insults_eg_poophead/ie45q30/
216,ie3lbzz,wjbc,I'm guessing when used it's part of a long string of shits. Shit shit shit shit shit!,False,1656461683.0,/r/dataisbeautiful/comments/vmw0eu/oc_frequency_of_compound_insults_eg_poophead/ie4hm5z/
217,False,Far-Two8659,"I definitely started reading with ""assdumb"" and in my head heard it as calling someone a Kingdom of Ass (assdom) and honestly that's way better than dumbass.",False,1656447743.0,/r/dataisbeautiful/comments/vmw0eu/oc_frequency_of_compound_insults_eg_poophead/ie3lqgi/
218,ie3lqgi,Robot_Graffiti,"Oh yeah, gotta start making swears with the prefixes and postfixes swapped, you goblin-ass bagwank.",False,1656457151.0,/r/dataisbeautiful/comments/vmw0eu/oc_frequency_of_compound_insults_eg_poophead/ie47wgk/
219,ie47wgk,Far-Two8659,"Which is better: bumwaffle or wafflebum? Like...  one is a homeless begging waffle, and the other is a butt so uneven and pock ridden it resembles a waffle.

And a bagwank sounds infinitely more insulting than a wankbag.",False,1656461558.0,/r/dataisbeautiful/comments/vmw0eu/oc_frequency_of_compound_insults_eg_poophead/ie4hcrs/
220,False,CanWeAllJustCalmDown,This comment section has immediately made this chart inaccurate. OP is going to have to update it to take into account all you dirt-hats.,False,1656449199.0,/r/dataisbeautiful/comments/vmw0eu/oc_frequency_of_compound_insults_eg_poophead/ie3pdhm/
221,ie3pdhm,Aranthar,They'll probably manually eliminate this particular thread from the next data set.,False,1656464170.0,/r/dataisbeautiful/comments/vmw0eu/oc_frequency_of_compound_insults_eg_poophead/ie4mszw/
222,False,CmdretteZircon,I am absolutely dying of laughter over here. Well done.,False,1656449713.0,/r/dataisbeautiful/comments/vmw0eu/oc_frequency_of_compound_insults_eg_poophead/ie3qo7f/
223,ie3qo7f,ratshitty_heavenjoke,Spoken like a true wank nozzle,False,1656456658.0,/r/dataisbeautiful/comments/vmw0eu/oc_frequency_of_compound_insults_eg_poophead/ie46t8v/
224,False,jerseyknits,"This is the perfect use of data, you poopwaffle! ü§å *chef kiss*",False,1656448262.0,/r/dataisbeautiful/comments/vmw0eu/oc_frequency_of_compound_insults_eg_poophead/ie3n12h/
225,False,TJsName,It's a shame this isn't updating in real-time.,False,1656446854.0,/r/dataisbeautiful/comments/vmw0eu/oc_frequency_of_compound_insults_eg_poophead/ie3jhvr/
226,ie3jhvr,RedButterfree1,It would be a Twitch comments section speedrun,False,1656478230.0,/r/dataisbeautiful/comments/vmw0eu/oc_frequency_of_compound_insults_eg_poophead/ie5dqeb/
227,False,Acceptable-Milk-314,I really appreciate the log scale on the color gradient.,False,1656447996.0,/r/dataisbeautiful/comments/vmw0eu/oc_frequency_of_compound_insults_eg_poophead/ie3md4r/
228,False,muffins_allover,Let‚Äôs make **wank waffle** a thing please.,False,1656447021.0,/r/dataisbeautiful/comments/vmw0eu/oc_frequency_of_compound_insults_eg_poophead/ie3jxfv/
229,False,emilyhr27,"Is the proliferation of ‚Äòassass‚Äô coming from real words like assassin, etc.?",False,1656447501.0,/r/dataisbeautiful/comments/vmw0eu/oc_frequency_of_compound_insults_eg_poophead/ie3l4nj/
230,ie3l4nj,WillemDafoesHugeCock,"I suspect ""dipstick"" is so red because of it being an actual thing outside of a (very tame) insult.",False,1656453784.0,/r/dataisbeautiful/comments/vmw0eu/oc_frequency_of_compound_insults_eg_poophead/ie40dfq/
231,False,PapaEmeritusVI,I‚Äôm kind of a fan of ‚Äúfucksucker‚Äù,False,1656449772.0,/r/dataisbeautiful/comments/vmw0eu/oc_frequency_of_compound_insults_eg_poophead/ie3qthw/
232,ie3qthw,MediaMagellan,How exactly does one suck a fuck?,False,1656458493.0,/r/dataisbeautiful/comments/vmw0eu/oc_frequency_of_compound_insults_eg_poophead/ie4aske/
233,ie4aske,Devenu,What's a fuckass?,False,1656459664.0,/r/dataisbeautiful/comments/vmw0eu/oc_frequency_of_compound_insults_eg_poophead/ie4db8c/
234,ie4aske,,[deleted],False,1656459624.0,/r/dataisbeautiful/comments/vmw0eu/oc_frequency_of_compound_insults_eg_poophead/ie4d89v/
235,ie4aske,PapaEmeritusVI,One of life‚Äôs greatest questions.,False,1656458528.0,/r/dataisbeautiful/comments/vmw0eu/oc_frequency_of_compound_insults_eg_poophead/ie4avb5/
236,False,soldforaspaceship,It's missing cockwomble. Hopefully by the next time we can bring those numbers up...,False,1656446248.0,/r/dataisbeautiful/comments/vmw0eu/oc_frequency_of_compound_insults_eg_poophead/ie3hxje/
237,ie3hxje,hornyroo,And fuck knuckle ‚Ä¶ my two personal favourites,False,1656457748.0,/r/dataisbeautiful/comments/vmw0eu/oc_frequency_of_compound_insults_eg_poophead/ie497b8/
238,False,JustaTurdOutThere,This is what this sub is for,False,1656447794.0,/r/dataisbeautiful/comments/vmw0eu/oc_frequency_of_compound_insults_eg_poophead/ie3lv3g/
239,False,,Like 90% of the dipgoblins were toward me. I'm just naturally dipgoblinish.,False,1656450072.0,/r/dataisbeautiful/comments/vmw0eu/oc_frequency_of_compound_insults_eg_poophead/ie3rkki/
240,False,zepherths,I will now be calling people wank clowns. Thank you,False,1656447550.0,/r/dataisbeautiful/comments/vmw0eu/oc_frequency_of_compound_insults_eg_poophead/ie3l94g/
241,False,kuza2g,"""you're *such* a fuckass Donny""
""Did you just call me a fuckass? Well you can go suck a **fuck**""",False,1656457388.0,/r/dataisbeautiful/comments/vmw0eu/oc_frequency_of_compound_insults_eg_poophead/ie48f80/
242,ie48f80,Tseliot89,I came looking for this. ‚ÄúWhat‚Äôs a fuckass‚Äù,False,1656464318.0,/r/dataisbeautiful/comments/vmw0eu/oc_frequency_of_compound_insults_eg_poophead/ie4n4ck/
243,False,MarioMCPQ,"Great graphic!   
But I want to do my part, you Dumb Goblin!  
...IMO it's way underated!

But then again, i'm just a lib nozzle.",False,1656446569.0,/r/dataisbeautiful/comments/vmw0eu/oc_frequency_of_compound_insults_eg_poophead/ie3ire4/
244,False,SWCabbage,"Ah yes, gotta love Reddit, keeping track of insults from dumbass to poop goblin and everything in between.  Never change. <3",False,1656448596.0,/r/dataisbeautiful/comments/vmw0eu/oc_frequency_of_compound_insults_eg_poophead/ie3nv09/
245,False,mattsolid,"Poopgoblin, I‚Äôm using that one.",False,1656449324.0,/r/dataisbeautiful/comments/vmw0eu/oc_frequency_of_compound_insults_eg_poophead/ie3poqw/
246,False,StealthSpheesSheip,I feel like wanksucker would have been used more,False,1656448561.0,/r/dataisbeautiful/comments/vmw0eu/oc_frequency_of_compound_insults_eg_poophead/ie3nrxe/
247,False,,Time to own the libnozzles.,False,1656448589.0,/r/dataisbeautiful/comments/vmw0eu/oc_frequency_of_compound_insults_eg_poophead/ie3nucr/
248,False,Agent_Velcoro,Trump Goblin should be much more popular,False,1656457833.0,/r/dataisbeautiful/comments/vmw0eu/oc_frequency_of_compound_insults_eg_poophead/ie49dr8/
249,False,forced_metaphor,These comments are downright Shakespearean.,False,1656450472.0,/r/dataisbeautiful/comments/vmw0eu/oc_frequency_of_compound_insults_eg_poophead/ie3sjqv/
250,False,toilettreats,"I must say I'm dissapointed that my favourite American insult, douche canoe, isn't listed.",False,1656457027.0,/r/dataisbeautiful/comments/vmw0eu/oc_frequency_of_compound_insults_eg_poophead/ie47mn4/
251,ie47mn4,halfeatenscone,"It's included in [the full dataset](https://github.com/colinmorris/pejorative-compounds/blob/master/counts.csv). The suffix ""-canoe"" is very selective. Douchecanoe appears in 25,607 comments, whereas the next most frequent -canoe word , ""shitcanoe"", only has 113.",True,1656457814.0,/r/dataisbeautiful/comments/vmw0eu/oc_frequency_of_compound_insults_eg_poophead/ie49car/
252,False,MarioMCPQ,Dip Goblin are just not reprensented in Mass Media!,False,1656446688.0,/r/dataisbeautiful/comments/vmw0eu/oc_frequency_of_compound_insults_eg_poophead/ie3j2l8/
253,False,ebdbbb,I really appreciate the log scale,False,1656448555.0,/r/dataisbeautiful/comments/vmw0eu/oc_frequency_of_compound_insults_eg_poophead/ie3nreo/
254,False,TheRacingMonkey,This is peak dataisbeautiful! Been giggling and analyzing this for like 5 minutes now,False,1656453884.0,/r/dataisbeautiful/comments/vmw0eu/oc_frequency_of_compound_insults_eg_poophead/ie40lkj/
255,False,gobigredsox,Just here to bring up the ranking for poopgoblin,False,1656454602.0,/r/dataisbeautiful/comments/vmw0eu/oc_frequency_of_compound_insults_eg_poophead/ie427lc/
256,False,Ahndrayvsdragonninja,There's a whooooooooooolllee other side of NSFW reddit that uses some of these words for things other than insults.,False,1656454648.0,/r/dataisbeautiful/comments/vmw0eu/oc_frequency_of_compound_insults_eg_poophead/ie42bco/
257,False,lnfinity,"Lots of poop heads and poop faces, but not so many poop hats.",False,1656447134.0,/r/dataisbeautiful/comments/vmw0eu/oc_frequency_of_compound_insults_eg_poophead/ie3k7nm/
258,False,JGHFunRun,The fact that anything-waffle was used is amazing,False,1656448961.0,/r/dataisbeautiful/comments/vmw0eu/oc_frequency_of_compound_insults_eg_poophead/ie3os75/
259,ie3os75,halfeatenscone,"Yeah, there's a pleasant sort of musicality to a lot of the 2-syllable suffixes. A few more not included on this chart are: socket, wagon, puffin, and trumpet.",True,1656449381.0,/r/dataisbeautiful/comments/vmw0eu/oc_frequency_of_compound_insults_eg_poophead/ie3ptvn/
260,ie3ptvn,chazwomaq,Wankpuffin OMG.,False,1656449628.0,/r/dataisbeautiful/comments/vmw0eu/oc_frequency_of_compound_insults_eg_poophead/ie3qggb/
261,ie3ptvn,BonerForJustice,We need a sequel to this. We need wankwagon.,False,1656453926.0,/r/dataisbeautiful/comments/vmw0eu/oc_frequency_of_compound_insults_eg_poophead/ie40p0e/
262,False,haybayley,I wonder how many of the instances of ‚Äúbumbag‚Äùwere insults and how many were people using the UK word for ‚Äúfanny pack‚Äù.,False,1656452920.0,/r/dataisbeautiful/comments/vmw0eu/oc_frequency_of_compound_insults_eg_poophead/ie3ydcs/
263,False,frozen_pope,My only goal in life will be to popularise the term ‚Äòpooplord‚Äô on reddit,False,1656457184.0,/r/dataisbeautiful/comments/vmw0eu/oc_frequency_of_compound_insults_eg_poophead/ie47z1v/
264,False,americk0,"We are severely underutilizing ""trump goblin""",False,1656458259.0,/r/dataisbeautiful/comments/vmw0eu/oc_frequency_of_compound_insults_eg_poophead/ie4aaia/
265,False,somelib,"Request:  Re-run this analysis in 1 month or so on this post and its comments only, on a linear scale.  I'm curious how different the output would be when the comments have a reference sheet to choose their favorite combinations",False,1656458925.0,/r/dataisbeautiful/comments/vmw0eu/oc_frequency_of_compound_insults_eg_poophead/ie4bpym/
266,False,Hollogram_Janeway,My vocabulary has grown today,False,1656465826.0,/r/dataisbeautiful/comments/vmw0eu/oc_frequency_of_compound_insults_eg_poophead/ie4q5j8/
267,False,aaron_in_sf,"Challenge accepted, ya libsucking wankclown.",False,1656466447.0,/r/dataisbeautiful/comments/vmw0eu/oc_frequency_of_compound_insults_eg_poophead/ie4rfha/
268,False,aquacash5,"Clearly this is woefully incomplete. We are missing smeg. Smeghead, smegbrain, and smegpot.",False,1656449589.0,/r/dataisbeautiful/comments/vmw0eu/oc_frequency_of_compound_insults_eg_poophead/ie3qd0i/
269,False,IcyStar127,"Dirthat

Bam change your graph it‚Äôs inaccurate",False,1656453963.0,/r/dataisbeautiful/comments/vmw0eu/oc_frequency_of_compound_insults_eg_poophead/ie40s1j/
270,ie40s1j,VestronVideo,Typical Poop Clown behavior over here ü§£,False,1656465564.0,/r/dataisbeautiful/comments/vmw0eu/oc_frequency_of_compound_insults_eg_poophead/ie4pmd4/
271,False,theresabeeonyourhat,You fucking libnozzles don't know what you're talking about,False,1656460573.0,/r/dataisbeautiful/comments/vmw0eu/oc_frequency_of_compound_insults_eg_poophead/ie4f8z2/
272,False,kazmosis,"After Donnie Darko, I'm surprised fuck sucker isn't more widely used",False,1656446905.0,/r/dataisbeautiful/comments/vmw0eu/oc_frequency_of_compound_insults_eg_poophead/ie3jmnp/
273,False,TechnicalSymbiote,"I'm calling dibs on dipgoblin, that'll show those numbskulls",False,1656447483.0,/r/dataisbeautiful/comments/vmw0eu/oc_frequency_of_compound_insults_eg_poophead/ie3l34z/
274,False,y4mat3,"So a nonzero number of people have said ""shitshit""",False,1656447847.0,/r/dataisbeautiful/comments/vmw0eu/oc_frequency_of_compound_insults_eg_poophead/ie3lzr2/
275,False,Huge_Dot,Was not expecting the prevelance of libshit,False,1656448766.0,/r/dataisbeautiful/comments/vmw0eu/oc_frequency_of_compound_insults_eg_poophead/ie3oac8/
276,False,dangraphs,I need to see shitlord vs pissboy,False,1656448868.0,/r/dataisbeautiful/comments/vmw0eu/oc_frequency_of_compound_insults_eg_poophead/ie3ojoa/
277,False,DameKumquat,"I could quibble that 'pisshead' is merely a descriptor of someone fond of their booze, not an insult, but I'm too busy considering whether 'cocknozzle' or 'dipstain' is a better addition to my vocabulary.",False,1656450224.0,/r/dataisbeautiful/comments/vmw0eu/oc_frequency_of_compound_insults_eg_poophead/ie3ry3q/
278,False,,Who is out there using asswad?,False,1656451969.0,/r/dataisbeautiful/comments/vmw0eu/oc_frequency_of_compound_insults_eg_poophead/ie3w49d/
279,ie3w49d,Viagraine,The same people using poopass or bumass,False,1656452385.0,/r/dataisbeautiful/comments/vmw0eu/oc_frequency_of_compound_insults_eg_poophead/ie3x3xp/
280,False,btsofohio,Reddit has really just become a bunch of Trumpgoblins and Libsuckers.,False,1656452231.0,/r/dataisbeautiful/comments/vmw0eu/oc_frequency_of_compound_insults_eg_poophead/ie3wqt4/
281,False,Rectacrab,"The light yellow squares make me feel like I'm being insulted by a robot.

Dumb bag.
Dip goblin.
Scum nozzle.

This is genuinely beautiful data. Useful and nice to look at. Thank you!",False,1656454309.0,/r/dataisbeautiful/comments/vmw0eu/oc_frequency_of_compound_insults_eg_poophead/ie41jun/
282,False,Umutuku,"""Cum"" isn't included in the list? OP is such a cumhat. /s",False,1656457141.0,/r/dataisbeautiful/comments/vmw0eu/oc_frequency_of_compound_insults_eg_poophead/ie47vm5/
283,ie47vm5,halfeatenscone,"[Here's a slightly expanded version](https://colinmorris.github.io/assets/compound_curses/plain_matrix.png) just for you, cumboy.",True,1656457588.0,/r/dataisbeautiful/comments/vmw0eu/oc_frequency_of_compound_insults_eg_poophead/ie48uzk/
284,False,TheGruesomeTwosome,This may be the longest I‚Äôve ever looked at a chart of any kind,False,1656457388.0,/r/dataisbeautiful/comments/vmw0eu/oc_frequency_of_compound_insults_eg_poophead/ie48f6w/
285,False,mindless2831,Wank wit? Poop goblin? I'm dying üòÇüòÇüòÇ,False,1656457788.0,/r/dataisbeautiful/comments/vmw0eu/oc_frequency_of_compound_insults_eg_poophead/ie49ado/
286,False,UnhappySunshine_PS4,"""Wankboy"" LMAO idk why this kills me",False,1656457884.0,/r/dataisbeautiful/comments/vmw0eu/oc_frequency_of_compound_insults_eg_poophead/ie49hoz/
287,False,jclinares,"u/-montse-, ya viste esto? xD Deber√≠as hacer uno as√≠ para los subs mexicanos, jajaja",False,1656462254.0,/r/dataisbeautiful/comments/vmw0eu/oc_frequency_of_compound_insults_eg_poophead/ie4itdo/
288,False,Cifra00,"I love that ""bum bag"" is being included as a pejorative compound

In an alternate chart in the UK, people stare quizically at the apparently popular insult, ""fanny pack""",False,1656463271.0,/r/dataisbeautiful/comments/vmw0eu/oc_frequency_of_compound_insults_eg_poophead/ie4kx7r/
289,False,Atomfist,How is trump goblin not in the red?,False,1656467316.0,/r/dataisbeautiful/comments/vmw0eu/oc_frequency_of_compound_insults_eg_poophead/ie4t7j8/
290,False,,‚Äútrump face‚Äù is trump colored,False,1656469756.0,/r/dataisbeautiful/comments/vmw0eu/oc_frequency_of_compound_insults_eg_poophead/ie4y9rn/
291,False,SluggishPrey,Do people really say assclown?,False,1656448688.0,/r/dataisbeautiful/comments/vmw0eu/oc_frequency_of_compound_insults_eg_poophead/ie3o38i/
292,ie3o38i,halfeatenscone,"Yup! n=45,000",True,1656449221.0,/r/dataisbeautiful/comments/vmw0eu/oc_frequency_of_compound_insults_eg_poophead/ie3pfhe/
293,False,gravitythread,Thank you OP. This is the data I needed today.,False,1656448490.0,/r/dataisbeautiful/comments/vmw0eu/oc_frequency_of_compound_insults_eg_poophead/ie3nlib/
294,False,Chef4disney,"I've given this chart to my 8yo son, to help him come up with less vulgar names, such as ""shitfuck"", but still stingers, to call his bullies in school. 

....he wants you to add ""meanie poo poo butt"".",False,1656450249.0,/r/dataisbeautiful/comments/vmw0eu/oc_frequency_of_compound_insults_eg_poophead/ie3s0a2/
295,False,SirJeffers88,"This shows us where we need more creativity, you wankclowns.",False,1656448464.0,/r/dataisbeautiful/comments/vmw0eu/oc_frequency_of_compound_insults_eg_poophead/ie3nj66/
296,False,cornish_hamster,The phrase wankclown is seriously underutilised. I shall adopt this in to my life for general insulting purposes.,False,1656448744.0,/r/dataisbeautiful/comments/vmw0eu/oc_frequency_of_compound_insults_eg_poophead/ie3o8cf/
297,False,chazwomaq,Douchewaffle is surprisingly popular.,False,1656449543.0,/r/dataisbeautiful/comments/vmw0eu/oc_frequency_of_compound_insults_eg_poophead/ie3q8t3/
298,False,girhen,"I'm not sure that all of these are rude.  If I call someone a poopwaffle, I'm probably being goofy.  I can't believe all of these (not at 0) have actually been used.",False,1656449576.0,/r/dataisbeautiful/comments/vmw0eu/oc_frequency_of_compound_insults_eg_poophead/ie3qbum/
299,ie3qbum,halfeatenscone,"Yeah, that's definitely true. There are also some terms here that are sometimes used with a literal sense (e.g. dipstick, shitstain, dicksucker, poopbag).",True,1656450236.0,/r/dataisbeautiful/comments/vmw0eu/oc_frequency_of_compound_insults_eg_poophead/ie3rz4e/
300,False,brig135,It's possible and probably likely but I prefer to think people are out there calling people ass ass,False,1656449670.0,/r/dataisbeautiful/comments/vmw0eu/oc_frequency_of_compound_insults_eg_poophead/ie3qkcs/
301,False,whatever_person,Now we need live version to observe how displaying this graph influenced the usage of those words,False,1656450437.0,/r/dataisbeautiful/comments/vmw0eu/oc_frequency_of_compound_insults_eg_poophead/ie3sgqr/
302,False,NetroAlex,"""shitshit"" has an undeservingly large amount of appearances",False,1656450523.0,/r/dataisbeautiful/comments/vmw0eu/oc_frequency_of_compound_insults_eg_poophead/ie3so7i/
303,False,,As a midwestern Gen Xer I take offense with the absence of jagbag.,False,1656450562.0,/r/dataisbeautiful/comments/vmw0eu/oc_frequency_of_compound_insults_eg_poophead/ie3srj7/
304,False,sham_wowzers,Now listen here you wankwit‚Ä¶,False,1656451085.0,/r/dataisbeautiful/comments/vmw0eu/oc_frequency_of_compound_insults_eg_poophead/ie3u11l/
305,False,QuickSqueeze,Surprised to see no one used trumpnozzle,False,1656451515.0,/r/dataisbeautiful/comments/vmw0eu/oc_frequency_of_compound_insults_eg_poophead/ie3v1wj/
306,ie3v1wj,experts_never_lie,No one ever wants to use the trumpnozzle.,False,1656453277.0,/r/dataisbeautiful/comments/vmw0eu/oc_frequency_of_compound_insults_eg_poophead/ie3z7ea/
307,False,Azrael-XIII,I feel like poophat should be getting more use lol,False,1656451868.0,/r/dataisbeautiful/comments/vmw0eu/oc_frequency_of_compound_insults_eg_poophead/ie3vvry/
308,False,stalphonzo,"Whoever the hell is using ""ass ass,"" please identify yourselves so we can help you.",False,1656453494.0,/r/dataisbeautiful/comments/vmw0eu/oc_frequency_of_compound_insults_eg_poophead/ie3zpin/
309,False,Account_Expired,Asstard is way more common than it should be.,False,1656454362.0,/r/dataisbeautiful/comments/vmw0eu/oc_frequency_of_compound_insults_eg_poophead/ie41o5m/
310,False,TLDR2D2,"Assass is far more frequent than I would have suspected. I'm guessing it's registering 'assassin' as a hit.

I have no guesses for shitshit, though.",False,1656454594.0,/r/dataisbeautiful/comments/vmw0eu/oc_frequency_of_compound_insults_eg_poophead/ie426w6/
311,False,psuedophilosopher,"See, I'm probably not using this chart correctly, but I'm much more interested in the ones that haven't been used than the ones that are common. I'm seeing these combinations and thinking about how some fictional worlds have their own alternative slang like frack was in Battlestar Galactica. Scumwit could be an alternate reality insult for idiot. Dirttard could be something, I'm sure of it.",False,1656454859.0,/r/dataisbeautiful/comments/vmw0eu/oc_frequency_of_compound_insults_eg_poophead/ie42sid/
312,False,Bikeboy76,Shut up you shiteweasel.,False,1656455428.0,/r/dataisbeautiful/comments/vmw0eu/oc_frequency_of_compound_insults_eg_poophead/ie4426v/
313,False,usidorethebluejr,Whoever made this is a real wankwaffle,False,1656457799.0,/r/dataisbeautiful/comments/vmw0eu/oc_frequency_of_compound_insults_eg_poophead/ie49b6s/
314,False,Senior-Humor8523,I feel like trump goblin is used a lot more than let on,False,1656457844.0,/r/dataisbeautiful/comments/vmw0eu/oc_frequency_of_compound_insults_eg_poophead/ie49ems/
