,id,parent,author,body,is_submitter,date,link,score
0,kjtjqcs,False,iqgoldmine,"I wish the data wouldnt lump south asians with east asians, would be more interesting",False,1706371901.0,/r/dataisbeautiful/comments/1accvcl/gender_racial_diversity_of_usa_employees_at/kjtjqcs/,1072
1,kjtxt3q,kjtjqcs,teamongered,Unfortunately these companies don‚Äôt provide data with demographics broken down that way. They follow the [EEO1](https://www.eeoc.gov/data/eeo-data-collections) guidelines when reporting this data,True,1706377101.0,/r/dataisbeautiful/comments/1accvcl/gender_racial_diversity_of_usa_employees_at/kjtxt3q/,263
2,kjtpmca,kjtjqcs,Doctrina_Stabilitas,the census does not differentiate,False,1706374106.0,/r/dataisbeautiful/comments/1accvcl/gender_racial_diversity_of_usa_employees_at/kjtpmca/,278
3,kjum5fl,kjtjqcs,SonOfMcGee,In my anecdotal experience it‚Äôs half Chinese/Taiwanese and half Indian with a negligible fraction coming from all other Asian countries.   ‚Äì- Also it‚Äôs about half people who immigrated and half American-born citizens of Asian descent.,False,1706385945.0,/r/dataisbeautiful/comments/1accvcl/gender_racial_diversity_of_usa_employees_at/kjum5fl/,17
4,kju3axb,kjtjqcs,Marignac_Tymer-Lore,"These are the definitions that the US uses as a sort of ""melting pot"" thing, where individual cultural identities are merged into a pre-determined race. Even though Cambodians and Kazakhs/Norwegians, Ukrainians and Maltese/African Americans and Somalis/hundreds of Native American nations are all different in culture and appearance and also in socioeconomic treatment within the United States, some people quickly assume that they're one and the same. ‚Äì-  ‚Äì- They're only used in official contexts like censuses and jobs, but people take the categories seriously and ignore in-group differences because they are used so often. Better to have more categories (distinguishing African immigrants/African Americans, Filipinos/South Asians/East Asians, or British-descended whites/Mediterranean peoples) to get more insight into why some groups are over/underrepresented.",False,1706379094.0,/r/dataisbeautiful/comments/1accvcl/gender_racial_diversity_of_usa_employees_at/kju3axb/,17
5,kjttiv5,kjtjqcs,zeebyj,Yes seems odd. The continents are an outdated European centric idea. Asia just seems like a catch all of a very diverse group of people. I believe south Asians are more closely related to people in the caucuses than to east asians. ‚Äì-  ‚Äì- https://en.m.wikipedia.org/wiki/Genetics_and_archaeogenetics_of_South_Asia,False,1706375540.0,/r/dataisbeautiful/comments/1accvcl/gender_racial_diversity_of_usa_employees_at/kjttiv5/,34
6,kjtqghz,kjtjqcs,OkChicken7697,[ Removed by Reddit ],False,1706374415.0,/r/dataisbeautiful/comments/1accvcl/gender_racial_diversity_of_usa_employees_at/kjtqghz/,6
7,kjtys4h,kjtjqcs,jp_bonk,"Don't know why they do this, asia is such a huge continent with many several distinct ethnicities. It makes no sense, and they even do it in job application forms.",False,1706377456.0,/r/dataisbeautiful/comments/1accvcl/gender_racial_diversity_of_usa_employees_at/kjtys4h/,2
8,kjtrxdn,kjtjqcs,senorahole,"I wish the data wouldn't lump Walsh with England, would be more interesting",False,1706374956.0,/r/dataisbeautiful/comments/1accvcl/gender_racial_diversity_of_usa_employees_at/kjtrxdn/,0
9,kjuvv8x,kjtjqcs,310inthebuilding,Or Jewish with white,False,1706389528.0,/r/dataisbeautiful/comments/1accvcl/gender_racial_diversity_of_usa_employees_at/kjuvv8x/,1
10,kjunkoi,kjtjqcs,tyen0,"As someone in tech and based on my fellow grad school students, my guess is that the visa holders/recent immigrants are 1/3 indian, 1/3 chinese, 1/3 russian (since it includes before the war).",False,1706386472.0,/r/dataisbeautiful/comments/1accvcl/gender_racial_diversity_of_usa_employees_at/kjunkoi/,1
11,kjwvi5c,kjtjqcs,MarketBasketShopper,"Doesn't really seem worse than grouping British, Polish, Albanian, Tunisian, Israeli, and Persian people together in the ""white"" category. White Americans are an incredibly diverse group and not at all a monolith.",False,1706419071.0,/r/dataisbeautiful/comments/1accvcl/gender_racial_diversity_of_usa_employees_at/kjwvi5c/,1
12,kjtm7gw,False,maviegoes,"These are great charts and I want to provide some context working in the semiconductor space. ‚Äì-  ‚Äì- 1. When we report diversity data on gender, the entire company is considered (engineering, marketing, sales, media, etc). Most (if not all) tech companies refuse to separate the ""technical"" women from the ""non-technical"" in their figures since their numbers would be abysmal - and at the end of the day, the number of technical women is the number most people care about. Electrical engineering, in particular, has the lowest percentage of women of all engineering disciplines (the degree you typically get to work in the semi space). I am usually the only woman on a large team of 40+. ‚Äì- 2. Whenever I hear about diversity in tech, most people who are not in tech will talk about the issues like it's all white men. Many people don't realize that's not the makeup of most companies as shown here. To work at these companies in a technical role, you typically need a masters or PhD in electrical engineering or computer science. 80% of all EE and CS masters graduates in the US are non-domestic (with most coming from India and China). ‚Äì-  ‚Äì- I don't think people realize how many people are willing to move to the US and work their asses off for one of these high-paying positions and then typically wait 10-15 years to get a green card due to the country-specific queues. So few Americans go to graduate school in EE/CS that the actual divide at work is American-born versus not at all major semi companies I have worked at.",False,1706372838.0,/r/dataisbeautiful/comments/1accvcl/gender_racial_diversity_of_usa_employees_at/kjtm7gw/,492
13,kjtqteg,kjtm7gw,OwenLoveJoy,Yeah that‚Äôs a really under-appreciated point. There is just less incentive for Americans to get those degrees unless they just have a particular interest or career goal and want to. Still plenty of high achieving Americans but this field only attracts a minority of them.,False,1706374548.0,/r/dataisbeautiful/comments/1accvcl/gender_racial_diversity_of_usa_employees_at/kjtqteg/,113
14,kju6sxx,kjtm7gw,yogurtchicken21,"Semiconductor companies are not attractive to a lot of American new grads. They don't pay as well as the hot software companies. I graduated recently from a school that put EE and CS in that same department and is well known for both, but the split among undergrads was way more lopsided towards CS -- especially with the massive hype around ML and Data Science. I've taken both classes and machine learning had 800 students enrolled, embedded systems had 50 enrolled -- for some perspective. Also the gender ratio is becoming more balanced in CS because everyone loves money.",False,1706380372.0,/r/dataisbeautiful/comments/1accvcl/gender_racial_diversity_of_usa_employees_at/kju6sxx/,34
15,kjtqei3,kjtm7gw,CantHelpBeingMe,"Yeah it would be more interesting to have Asians broken down into South and east Asia. And it's just not China and India either. Intel, for example, has loads of Bangladeshi engineers especially in their research department.",False,1706374395.0,/r/dataisbeautiful/comments/1accvcl/gender_racial_diversity_of_usa_employees_at/kjtqei3/,19
16,kjudy1f,kjtm7gw,CurryGuy123,> So few Americans go to graduate school in EE/CS ‚Äì-  ‚Äì- Also many Americans that do go to grad school in these fields are also Asian (second-generation/children of immigrants),False,1706382952.0,/r/dataisbeautiful/comments/1accvcl/gender_racial_diversity_of_usa_employees_at/kjudy1f/,9
17,kjv6raa,kjtm7gw,Raveen396,"For reference, I work in one of these companies in a role that typically only hires EEs with masters degrees.  ‚Äì-  ‚Äì- On my team of about 20, only 3 people were born in the US. The role pays well for the specialty and area, and I've seen the applicant pool and it's not the company selecting oversees candidates specifically. The quantity and quality of candidates from overseas are typically higher, although we tend to hire graduates who have at least an American masters degree.",False,1706393769.0,/r/dataisbeautiful/comments/1accvcl/gender_racial_diversity_of_usa_employees_at/kjv6raa/,6
18,kjtxdkk,kjtm7gw,djoncho,"That's a good point. I'm a foreigner who now works in the US and I think the system is kinda set-up to favor foreigners in some ways. I did my bachelor's in another country 100% for free and then came here debt free. ‚Äì- If I had been born in the US I would not have had money to go to college, so I probably wouldn't have pursued a degree at all. And even if I was able to get a loan to go to college, then I'd still have a massive financial debt to pay off...",False,1706376948.0,/r/dataisbeautiful/comments/1accvcl/gender_racial_diversity_of_usa_employees_at/kjtxdkk/,30
19,kjw33kp,kjtm7gw,mbigeagle,Another point is that many non American technical people are not nearly as progressive as your average American ( I'm not saying we're perfect but as a person who has lived in India and works as a SWE men from other countries do not hold the same value on women's opinions on technical topics). Please don't torch me at the stake I'm trying to take a crack at a very hot topic.,False,1706406658.0,/r/dataisbeautiful/comments/1accvcl/gender_racial_diversity_of_usa_employees_at/kjw33kp/,6
20,kjvb4f5,kjtm7gw,rodolfor90,"Yeah, totally agree. I mentioned elsewhere in the thread that only 2/13 in the team I work at (asic verification at AMD) are american born, and only 1/13 is a woman (indian). There‚Äôs also usually more in common between asian american born and raised in the US and a white american, than between the asian american and the asian who emigrated here. ‚Äì-  ‚Äì- Also, the number of american born women in these engineering roles is sooo low, most of the women are foreigners.",False,1706395449.0,/r/dataisbeautiful/comments/1accvcl/gender_racial_diversity_of_usa_employees_at/kjvb4f5/,6
21,kju93wx,kjtm7gw,klime02,"Excellent points. So my question is, what field do high achieving white Americans go to? ‚Äì-  ‚Äì- Engineering, Medicine and Finance are all overrepresented with ethnic Indian and Chinese graduates. Is there a secret high paying profession that is mostly white people? Law maybe?",False,1706381205.0,/r/dataisbeautiful/comments/1accvcl/gender_racial_diversity_of_usa_employees_at/kju93wx/,8
22,kjwau0x,kjtm7gw,e136,Are you saying that non-Americans would get a grad degree in order to give them a couple more years in the country because a student visa is easier/faster than a green card or work visa? That makes sense I guess.,False,1706409827.0,/r/dataisbeautiful/comments/1accvcl/gender_racial_diversity_of_usa_employees_at/kjwau0x/,2
23,kjz5c0y,kjtm7gw,Emu-Oil,"I can‚Äôt help but think the cost of getting those degrees outweighs the benefits for many U.S. students. After a quick search, student loan debt in China is almost non-existent. That, and the added pressure from parents to go to school, are considerable factors. I couldn‚Äôt find more data on Indian student loan debt, but I did find the average cost of school and living expenses per year at around Rs 350k - about USD $4200. I have a friend who took out loans for law school after paying for his own undergrad and he‚Äôs (after interest) up to about $110k debt. When I met him 10 years ago he had $80k debt. He pays what they tell him to pay every month. He has regrets, but is hoping for that 25 year forgiveness thing.",False,1706463201.0,/r/dataisbeautiful/comments/1accvcl/gender_racial_diversity_of_usa_employees_at/kjz5c0y/,2
24,kju4tp4,kjtm7gw,jellybon,"> Electrical engineering, in particular, has the lowest percentage of women of all engineering disciplines (the degree you typically get to work in the semi space). I am usually the only woman on a large team of 40+. ‚Äì-  ‚Äì- Not surprising at all and it is not something that enforcing hiring quotas will solve because there simply are not enough women who choose to pursue career in engineering.  ‚Äì-  ‚Äì- It's really a cultural perception that gets enforced at very early age. When girls play with dolls and boys build legos, it's no wonder that we have this gender imbalance in both nursing and engineering fields.",False,1706379646.0,/r/dataisbeautiful/comments/1accvcl/gender_racial_diversity_of_usa_employees_at/kju4tp4/,3
25,kjuo0q4,kjtm7gw,tyen0,"> Most (if not all) tech companies refuse to separate the ""technical"" women from the ""non-technical"" ‚Äì-  ‚Äì- Isn't that data provided here for all of these companies?  professional vs administrative or managerial?",False,1706386638.0,/r/dataisbeautiful/comments/1accvcl/gender_racial_diversity_of_usa_employees_at/kjuo0q4/,1
26,kjxxuf0,kjtm7gw,Seienchin88,"I agree.¬† We have a very good quote of women here at a large tech company in my team because Product Owners, Product Managers, Scrum Masters and other non-core-dev jobs are predominantly women but we have few female developers (data scientists we have equal numbers btw.) and frankly only a single one that was outstanding but she became a product owner by her own ambition (and does that well!). We dont have a single female architect and frankly I never met one‚Ä¶¬† Not saying its impossible or inherently so but its for now a fact thats hard to argue against. And I almost hate that when I could hire last year out of hundreds of applicants there were only two women who performed truly well in dev capability checks vs dozens of men and I hired one of the women and one man and after a few months its just blatantly obvious that he is miles ahead of her and will always be. (I mean that dude is just humbling everyone after one year of work. Studied physics before getting a whole new master in CS with focus on AI)¬† One reason I sometimes see is that women in tech do treat it as a job (which is absolutely legitimate) while some men treat it as their hobby as well and its tough to compete if you work 40 hours with someone who works voluntarily 50 and then learns about tech stuff another 10 hours in his private time and the larger the company with good compensation the harder the competition.¬† ‚Äì-  ‚Äì- I do collaborate with an indian team though and they are truly 50/50 even in leadership but I cant judge their performance. Did hear though that the talent pool for female developers in India is massive compared to many other countries (also due to many more men moving to the US for better pay than women).¬†",False,1706444541.0,/r/dataisbeautiful/comments/1accvcl/gender_racial_diversity_of_usa_employees_at/kjxxuf0/,1
27,kju34pb,False,ENOTSOCK,"I'm a British white, male, software engineer, living in the US, and I've worked in companies you've heard of (including on this list), since moving to Silicon Valley in 2001. In that time: ‚Äì-  ‚Äì- * Every manager I've had (across 5 companies) has been Indian. ‚Äì- * 80% of my coworkers have been Indian or East Asian. ‚Äì- * Across those 22 years, there has been 1 woman in my immediate team, and 3 women in an adjacent team I worked with (an ASIC/chip design team). ‚Äì- * I have never had a black coworker. ‚Äì-  ‚Äì- Growing up, the idea of finding a partner in the workplace was sort of expected. If not directly, then through friends.  Indeed that's where I met my wife, while working in the UK. ‚Äì-  ‚Äì- The tech industry is ridiculously skewed male.  I know guys who, having no friends and family in Silicon Valley, feel their only option is dating sites, and it's brutal. ‚Äì-  ‚Äì- I worked at a few companies in the UK before coming here, and had black workmates. It's not even a thing. I've literally not even had to interview any black candidates in my time here. That boggles my mind. ‚Äì-  ‚Äì- I've found Indians to be almost entirely great workmates, and all the managers I've had have been great. No notes. A++ would work with them again. And they bring fantastic food to work. ‚Äì-  ‚Äì- Same with East Asian workmates.  If I had to list one gripe then I'd say that I've had a few coworkers whose English isn't quite where it should be. But their work and attitude have been top notch. ‚Äì-  ‚Äì- Summary then: ‚Äì-  ‚Äì- * I suspect being a single male in Silicon Valley is not fun. ‚Äì- * Indians and East Asians are great workmates, managers, executives. ‚Äì- * Where are all the African Americans?",False,1706379032.0,/r/dataisbeautiful/comments/1accvcl/gender_racial_diversity_of_usa_employees_at/kju34pb/,170
28,kju4qop,kju34pb,ArbitraryOrder,">Where are all the African Americans? ‚Äì-  ‚Äì- Most of them are in Texas, all of the companies that have significant portions of African American engineers have large facilities in Texas.",False,1706379616.0,/r/dataisbeautiful/comments/1accvcl/gender_racial_diversity_of_usa_employees_at/kju4qop/,84
29,kjxo132,kju34pb,Horror-Yogurtcloset6,"> Where are all the African Americans? ‚Äì-  ‚Äì- As an African American software engineer who worked in Silicon Valley I asked myself this same question. Now I think like most things it‚Äôs a complex mix. ‚Äì-  ‚Äì- tl;dr population, schooling, and culture ‚Äì-  ‚Äì- 1. California is only 5% black, then the normal stuff applies, like how many of those go to college, and major in STEM and major in EE or CS. ‚Äì-  ‚Äì- 2. There is a ton of competition for these companies and these majors require a strong math background. IMO math isn‚Äôt as intuitive as something like English or history, it requires practice and guidance. So you need well funded schools, to help students not just learn the basics, but be competitive for undergraduate programs like EE and CS which also have a lot of competition. But because public school funding in the U.S. is tied to the tax revenue from the surrounding areas, and school districts get gerrymandered, it seems like a vicious cycle of poor areas having poor schools. Otherwise you need parents to pick up the slack.  ‚Äì-  ‚Äì- 3. Culture also plays a big role. From what Ive seen in African American families the definition of success varies and is different even from African parents. For hundreds of years African American families have had to learn how to make do with what they have. For some, making 70k is amazing considering where they‚Äôre coming from. Schools in the U.S. weren‚Äôt forced to desegregate until 1954 so as an example my grandpa didn‚Äôt go to college (maybe couldn‚Äôt), my mom just going to college was great for my grandpa, and me getting a masters degree is like above and beyond for my mom and my grandpa. But that‚Äôs like a starting point for most of these jobs. ‚Äì-  ‚Äì- There‚Äôs probably a lot more nuance to this but those are some rough reasons. ‚Äì-  ‚Äì- Edit: typos",False,1706437724.0,/r/dataisbeautiful/comments/1accvcl/gender_racial_diversity_of_usa_employees_at/kjxo132/,16
30,kjvq59c,kju34pb,FigmaWallSt,"Can confirm. Working in the semiconductor industry too. We have roughly 40k employees and a lot of them are indians, even though we have no factory there.",False,1706401482.0,/r/dataisbeautiful/comments/1accvcl/gender_racial_diversity_of_usa_employees_at/kjvq59c/,5
31,kjzdjsu,kju34pb,zugeni,"I'm an African American / Filipino female grad student (mech/robotics) and fully relate to these observations. My lab mates are Chinese and Indian. We also have Iranian and Suadi representation. I have never had a black classmate, coworker, or professor. Even in areas with sizeable black populations, the schools don't reflect the local diversity. One reason could be exposure. Someone touched on historical reasons already. I learned about engineering by accident in high school (enrolled in the wrong course) but I happened to like it and found a path to pursue it. However, I've been lucky to work in spaces with many female engineers/leaders.",False,1706466029.0,/r/dataisbeautiful/comments/1accvcl/gender_racial_diversity_of_usa_employees_at/kjzdjsu/,3
32,kjvavk4,kju34pb,MaterialEnthusiasm6,">Where are all the African Americans? ‚Äì-  ‚Äì- Location, imho, is not the major factor as to why you haven't had a Black co-worker in the United States. People move for jobs all the time, and people will move for a well-paying white collar job (especially to cities that tend to have more diverse populations).  ‚Äì-  ‚Äì- The easiest explanation as to why you haven't had a Black co-worker is the legacy of American structural racism and all the generational impacts it has produced. From redlining policies to the lack of investment in public schooling, structural racism has and continues to create unequal opportunities and environments for Black folks. I mean, the raw numbers of Black Americans majoring in CS or EE is crazy small, and the number of graduates are even smaller (in 2016, [Black graduates received only 4% of all engineering degrees](https://par.nsf.gov/servlets/purl/10131056)). Why is this? We have less access to good schooling to prepare us for CS careers, and even [when we do have good prep and outperform other classmates](https://blog.ucsusa.org/derrick-jackson/a-new-study-confirms-structural-racism-in-stem-programs-needs-fixing/), we receive overt and covert signals that we shouldn't be there.",False,1706395353.0,/r/dataisbeautiful/comments/1accvcl/gender_racial_diversity_of_usa_employees_at/kjvavk4/,2
33,kk1azx2,kju34pb,CRATEBOYZ,"African American engineer here. ‚Äì-  ‚Äì- The problem is complex. Many black applicants don't make it past the application phase because an applicant tracking system can be used to filter out based on race. Pretty much every tech company has that layer in place to filter out applicants based on some criteria. ‚Äì-  ‚Äì- Companies have a very real internal racism problem. A racist recruiter can single-handedly prevent any black people from joining your organization. No one cares to identify and get rid of these people. ‚Äì-  ‚Äì- Let's say you get hired, now every racist will attribute your success to a diversity hire.  ‚Äì-  ‚Äì- I've been snubbed for a promotion that was given to a white coworker. I was still asked to lead the team.  ‚Äì-  ‚Äì- It seems that only companies who aren't afraid of being labeled will hire black employees. We're organized into the pile with the LGBT folks because we're *different*. Honestly, it's all patronizing and offensive to me. I'm just a person who wants to clickity clack.",False,1706489583.0,/r/dataisbeautiful/comments/1accvcl/gender_racial_diversity_of_usa_employees_at/kk1azx2/,1
34,kjxz0vb,kju34pb,sassydragon23,From the black perspective anecdotally.  Domestic born African Americans who are middle or upper class are most likely in public service. Black Americans are 3 times more likely to be government employees than any other group.  ‚Äì- African Americans are still underrepresented in high levels of government- directors or head of divisions but are often in high level support roles like HR or in middle supervision. ‚Äì-  ‚Äì- In my own life this is certainly true- every black family that I know with enough wealth to own their home and send kids to college is a government employee. Black families rely on the steady nature of government jobs and reliable benefits. Public service also seems to run in families- i know that I certainly was swayed by my own family history.  ‚Äì-  ‚Äì- Perhaps if this was a list of government tech employees it would look different.,False,1706445274.0,/r/dataisbeautiful/comments/1accvcl/gender_racial_diversity_of_usa_employees_at/kjxz0vb/,1
35,kk04bjp,kju34pb,StatisticallyToaster,What kinds of projects do you work on as a software eng at semiconductor/chip companies? What sorts of engineers do you work with? (feel free to DM),False,1706475196.0,/r/dataisbeautiful/comments/1accvcl/gender_racial_diversity_of_usa_employees_at/kk04bjp/,1
36,kk0yaha,kju34pb,Economist_hat,">I worked at a few companies in the UK before coming here, and had black workmates. It's not even a thing. I've literally not even had to interview any black candidates in my time here. That boggles my mind. ‚Äì-  ‚Äì- I, too, work in tech and have never even had a black candidate to interview.",False,1706485065.0,/r/dataisbeautiful/comments/1accvcl/gender_racial_diversity_of_usa_employees_at/kk0yaha/,1
37,kjudy21,False,HereUpNorth,"[I heard an interview with the founder of tsmc on NPR years ago](https://www.npr.org/2022/10/07/1127595393/taiwan-miracle-semiconductor-silicon-shield-china). He started the company because he found that ambitious folks like him who weren't white and who weren't native English speakers weren't being promoted in US-based companies. Once it was up and running (with a corporate structure that took advantage of tax agreements between Taiwan and the US and a sweet deal with Nintendo), he head hunted all those looked-over employees from the US to build the company. And then his company made Taiwan a big player in the industry, arguably changing the entire international relations between the US, Taiwan and China.",False,1706382952.0,/r/dataisbeautiful/comments/1accvcl/gender_racial_diversity_of_usa_employees_at/kjudy21/,44
38,kjve097,kjudy21,yellow_trash,And arguably the most important company in the world ‚Äì-  ‚Äì-  https://www.nytimes.com/2024/01/24/opinion/tsmc-taiwan-china.html,False,1706396579.0,/r/dataisbeautiful/comments/1accvcl/gender_racial_diversity_of_usa_employees_at/kjve097/,12
39,kjtqyyc,False,Dr4g0nSqare,"I wonder how the recent VMware acquisition would affect Broadcom's demographics, especially in the ""gender"" category because vmware was always really into inclusion stuff and Broadcom isn't.  ‚Äì-  ‚Äì- VMware had more employees than Broadcom, and they kept about 12000 US employees from VMware. ‚Äì-  ‚Äì- Source: am a former (as of yesterday) VMware/Broadcom employee. ‚Äì-  ‚Äì- Edit to add: VMware had ~35k employees pre-acquisition, Broadcom had ~20k. About 15k of VMwares people were in the US. Idk what Broadcom's distribution is/was.",False,1706374606.0,/r/dataisbeautiful/comments/1accvcl/gender_racial_diversity_of_usa_employees_at/kjtqyyc/,15
40,kjuf0n6,False,SimplyPurple123,"I'm an ECE student working towards entering this industry. Lots of semiconductor jobs require a graduate degree, and engineering masters/PhD students are almost 100% international. Americans aren't getting a lot of advanced degrees in engineering because they'd rather just go to industry and start making money immediately.",False,1706383341.0,/r/dataisbeautiful/comments/1accvcl/gender_racial_diversity_of_usa_employees_at/kjuf0n6/,15
41,kjtqpbm,False,Pretend_Elk1395,The Asian category at least in the US is mostly Indian speaking from experience.,False,1706374506.0,/r/dataisbeautiful/comments/1accvcl/gender_racial_diversity_of_usa_employees_at/kjtqpbm/,73
42,kjtwpcq,kjtqpbm,brown_burrito,Depends on the industry.  ‚Äì-  ‚Äì- In semiconductor it‚Äôs a mix of Indian Americans and Chinese/Taiwanese Americans.,False,1706376706.0,/r/dataisbeautiful/comments/1accvcl/gender_racial_diversity_of_usa_employees_at/kjtwpcq/,66
43,kjucybi,kjtqpbm,OldHuntersNeverDie,Eh...I'd say it's a mix. Silicon Valley is full of both East and South Asian tech professionals. ‚Äì-  ‚Äì- Also from personal experience. Current actually.,False,1706382590.0,/r/dataisbeautiful/comments/1accvcl/gender_racial_diversity_of_usa_employees_at/kjucybi/,10
44,kjv1pd8,kjtqpbm,Dry_Quiet_3541,"Also speaking through experience, I think it depends on which department you are working in, there have always been a ton of Chinese and Koreans.",False,1706391832.0,/r/dataisbeautiful/comments/1accvcl/gender_racial_diversity_of_usa_employees_at/kjv1pd8/,3
45,kjtkz2l,False,MyFianceMadeMeJoin,"I would not describe this data as beautiful. It‚Äôs interesting, but not beautiful. The color scheme really grates on my eyeballs, things are poorly labeled; just not a great visual. I don‚Äôt know that I‚Äôd have used anything besides a stacked bar, but it doesn‚Äôt read great.",False,1706372376.0,/r/dataisbeautiful/comments/1accvcl/gender_racial_diversity_of_usa_employees_at/kjtkz2l/,232
46,kjtsuvm,kjtkz2l,orroro1,"It's ugly af. The tiny charts on the right doesn't even have company names so you need to count from the top if you want to know. The charts are not labeled so it's unclear one is for gender and the rest are for race.  ‚Äì-  ‚Äì- I would not describe this as interesting either.  Americans love to put race (and political leaning) in everything, but especially when it's irrelevant. A Taiwanese national semiconductor company hires ""Asians""? Shocked. Time for another riot.",False,1706375298.0,/r/dataisbeautiful/comments/1accvcl/gender_racial_diversity_of_usa_employees_at/kjtsuvm/,59
47,kjv7ehy,kjtkz2l,MattaMongoose,Sub should he renamed data is interesting. ‚Äì-  ‚Äì- Cause it‚Äôs never beautiful on this sub.,False,1706394015.0,/r/dataisbeautiful/comments/1accvcl/gender_racial_diversity_of_usa_employees_at/kjv7ehy/,8
48,kjtqbel,kjtkz2l,zohaib942,Just you,False,1706374363.0,/r/dataisbeautiful/comments/1accvcl/gender_racial_diversity_of_usa_employees_at/kjtqbel/,-14
49,kjtgii2,False,temporary47698,How does Tokyo Electron have so few Asian employees?,False,1706370654.0,/r/dataisbeautiful/comments/1accvcl/gender_racial_diversity_of_usa_employees_at/kjtgii2/,46
50,kjti2jk,kjtgii2,LameSkolotone59,it says USA Employees. This data is probably only counting their American division.,False,1706371259.0,/r/dataisbeautiful/comments/1accvcl/gender_racial_diversity_of_usa_employees_at/kjti2jk/,108
51,kjtiehu,kjtgii2,Aenna,It does mention that it‚Äôs for USA employees only and TEL barely has 15% of its workforce in the States.  ‚Äì-  ‚Äì- Unlike mort of the other names on the list that are foundries/IDMs or IC design houses (that are more labour intensive) I would assume most of TEL‚Äôs US workforce is just service/maintenance personnel and thus it would make sense to hire locally to serve your local customers.,False,1706371389.0,/r/dataisbeautiful/comments/1accvcl/gender_racial_diversity_of_usa_employees_at/kjtiehu/,8
52,kju0g13,kjtgii2,Neither_Appeal_8470,"The Japanese peaked in the 1990s demographically. They have a collapsing birth rate and the majority of their inputs for manufacturing have to be imported. So in a stroke of brilliant foresight they embarked on a decades long strategy to move their manufacturing closer to their customer or end users (think Toyota being made in the U.S.). This solved two problems, technical design and management decisions made in Japan but the work force taps labor markets that don‚Äôt have a demographic collapse like japan does, and their source materials and inputs are readily available or at least closer than they would be in Japan.  For every 1% in reduction of transportation cost a given market see‚Äôs 5% in trade volume.  The indictment for globally connected supply chains is that this works in reverse pretty quickly. If anything threatens international shipping, (piracy, weather, regional conflict) it hurts net import countries worse than anyone. ‚Äì-  ‚Äì- This will happen to China in the next 10 years and without the U.S. Navy to secure the international waters their import chain is threatened compounding their massive impending birth rate collapse which is worse than japans thanks to the one child policy they had for so many years.",False,1706378055.0,/r/dataisbeautiful/comments/1accvcl/gender_racial_diversity_of_usa_employees_at/kju0g13/,-1
53,kjtm5hk,kjtgii2,Miserable_Lock8930,Seems like they may be racist,False,1706372817.0,/r/dataisbeautiful/comments/1accvcl/gender_racial_diversity_of_usa_employees_at/kjtm5hk/,-4
54,kjtakmx,False,teamongered,Data is sourced from www.diversify.fyi and https://www.dol.gov/agencies/ofccp/foia/library/Employment-Information-Reports ‚Äì-  ‚Äì- Figures made with python and plotly.,True,1706368262.0,/r/dataisbeautiful/comments/1accvcl/gender_racial_diversity_of_usa_employees_at/kjtakmx/,36
55,kjxbfn0,kjtakmx,Przedrzag,"Your big column on the left has 16 companies, but your four columns on the right that split between sectors only have 15 bars each",False,1706428631.0,/r/dataisbeautiful/comments/1accvcl/gender_racial_diversity_of_usa_employees_at/kjxbfn0/,2
56,kjuq7m7,False,drillbitpdx,"Very interesting graphic! ‚Äì-  ‚Äì- * I'm curious about where ""cleanroom technicians"" would fall in terms of these job categories? ‚Äì- * What about immigrant/non-immigrant breakdown? ‚Äì-  ‚Äì- I was a yield engineer at Intel's flagship R&D fab in Oregon for 5 years, and then worked at a semiconductor consulting company where I worked with/at several other companies on this list. ‚Äì-  ‚Äì- The engineers (with PhDs) were skewed towards more immigrants, less white‚Ä¶ while the technicians (highly-skilled, but ""blue collar"") were mainly non-immigrants, and white.",False,1706387443.0,/r/dataisbeautiful/comments/1accvcl/gender_racial_diversity_of_usa_employees_at/kjuq7m7/,5
57,kjtdl34,False,Suspicious-Kiwi816,This feels like when the US team finally beat the Chinese team after losing for many years in some kind of math competition and then you look at the US team and they‚Äôre all Chinese üòÇ.,False,1706369493.0,/r/dataisbeautiful/comments/1accvcl/gender_racial_diversity_of_usa_employees_at/kjtdl34/,136
58,kjth2df,kjtdl34,vadbox,"To be fair, I think the ‚ÄúAsian‚Äù group here also includes south Asian. Kinda stupid grouping half of the world population into a single category in contexts like these imo",False,1706370867.0,/r/dataisbeautiful/comments/1accvcl/gender_racial_diversity_of_usa_employees_at/kjth2df/,66
59,kjth7mx,kjtdl34,utalkin_tome,Believe it or not Americans come in all sorts of shapes and sizes. Race can be whatever but at the end of the day they're all Americans.,False,1706370924.0,/r/dataisbeautiful/comments/1accvcl/gender_racial_diversity_of_usa_employees_at/kjth7mx/,118
60,kjtmavp,kjtdl34,TedDibiasi123,Asian Americans are just as American as European Americans or African Americans.,False,1706372874.0,/r/dataisbeautiful/comments/1accvcl/gender_racial_diversity_of_usa_employees_at/kjtmavp/,24
61,kjtjp7w,kjtdl34,copa8,You mean all Chinese-Americans.,False,1706371889.0,/r/dataisbeautiful/comments/1accvcl/gender_racial_diversity_of_usa_employees_at/kjtjp7w/,13
62,kjtl0qm,kjtdl34,dummyuserucf,Common American W.  ‚Äì-  ‚Äì- Take the best and brightest from the rest of the world to create a super country every other country envies.,False,1706372394.0,/r/dataisbeautiful/comments/1accvcl/gender_racial_diversity_of_usa_employees_at/kjtl0qm/,18
63,kjtkx0y,kjtdl34,noposters,That‚Äôs the point of America.,False,1706372354.0,/r/dataisbeautiful/comments/1accvcl/gender_racial_diversity_of_usa_employees_at/kjtkx0y/,7
64,kjtnvej,kjtdl34,OfficerMcNA5TY,"Oh hell yeah. The kid who lead the team was named David Stoner. We went to high school together in SC. He was an interesting fella. Would sit in church and do calculus for ""fun."" Lol. He was very nice tho.",False,1706373462.0,/r/dataisbeautiful/comments/1accvcl/gender_racial_diversity_of_usa_employees_at/kjtnvej/,6
65,kjtmv4v,kjtdl34,JFKontheKnoll,*Americans. Asian-Americans get really pissed off if you insinuate they aren‚Äôt American.,False,1706373088.0,/r/dataisbeautiful/comments/1accvcl/gender_racial_diversity_of_usa_employees_at/kjtmv4v/,10
66,kjtvhbq,kjtdl34,Mayonaze-Supreme,Nope they were all red blooded Americans doesn‚Äôt matter what color their skin so long as they are an American citizen,False,1706376260.0,/r/dataisbeautiful/comments/1accvcl/gender_racial_diversity_of_usa_employees_at/kjtvhbq/,4
67,kjtgrn6,kjtdl34,untilmyend68,AFAIK they were are born in the US and educated in US schools. They also weren‚Äôt all ethnically Chinese. I‚Äôm not sure why you would assume ‚Äúthey‚Äôre all Chinese‚Äù other than your own bigotry.,False,1706370752.0,/r/dataisbeautiful/comments/1accvcl/gender_racial_diversity_of_usa_employees_at/kjtgrn6/,11
68,kjudbe2,kjtdl34,fishfishfish1345,what should the US team look like in your opinion?,False,1706382722.0,/r/dataisbeautiful/comments/1accvcl/gender_racial_diversity_of_usa_employees_at/kjudbe2/,2
69,kjtw7l1,False,SoylentRox,I think this chart would be better if it illustrated the odds ratio deltas. ‚Äì-  ‚Äì- How many *times* is a group over or under-represented relative to the US population?,False,1706376527.0,/r/dataisbeautiful/comments/1accvcl/gender_racial_diversity_of_usa_employees_at/kjtw7l1/,10
70,kjtwn4n,kjtw7l1,teamongered,"Yeah I‚Äôve tried to visualize under/over representation in a previous post, but it adds a lot of complexity. Hard to do it right and still have the figure be clearly understandable. ‚Äì-  ‚Äì- https://www.reddit.com/r/dataisbeautiful/s/QihBPEQZ8R",True,1706376683.0,/r/dataisbeautiful/comments/1accvcl/gender_racial_diversity_of_usa_employees_at/kjtwn4n/,4
71,kju9uwp,kjtw7l1,Fauropitotto,I think this is more a reflection of available labor pools. I don't see the value in comparing it to the US population.,False,1706381473.0,/r/dataisbeautiful/comments/1accvcl/gender_racial_diversity_of_usa_employees_at/kju9uwp/,1
72,kjukrh2,False,FreeskiJibMaster,"who cares, hire based on skills, not arbitrary characteristics one is unable to change",False,1706385432.0,/r/dataisbeautiful/comments/1accvcl/gender_racial_diversity_of_usa_employees_at/kjukrh2/,13
73,kjtsu3p,False,isthatabingo,Hispanic is not a race. It‚Äôs an ethnicity. Someone can be white and Hispanic or black and Hispanic or any mix really.,False,1706375290.0,/r/dataisbeautiful/comments/1accvcl/gender_racial_diversity_of_usa_employees_at/kjtsu3p/,12
74,kjvbswp,kjtsu3p,TitansDaughter,"It‚Äôs more of a pan-national identity, ethnicities imply a certain genetic homogeneity that Hispanic people don‚Äôt have. A 100% indigenous Peruvian and 100% German Argentinian would both count as Hispanic but it would be ridiculous to say they share the same ethnicity",False,1706395713.0,/r/dataisbeautiful/comments/1accvcl/gender_racial_diversity_of_usa_employees_at/kjvbswp/,6
75,kju5pgq,kjtsu3p,QV79Y,"No, it's not an ethnicity either.",False,1706379970.0,/r/dataisbeautiful/comments/1accvcl/gender_racial_diversity_of_usa_employees_at/kju5pgq/,2
76,kk1m2yb,kjtsu3p,Preoximerianas,"The race data is from the U.S census which views Hispanics as a race. It‚Äôs the reason why it has Asian, which Americans are going to think mean East Asians, when the people working there are from both South & East Asia.",False,1706493618.0,/r/dataisbeautiful/comments/1accvcl/gender_racial_diversity_of_usa_employees_at/kk1m2yb/,1
77,kjtmsdh,False,LanceFree,"I‚Äôm in tech and my company is listed here.  ‚ÄúAsian‚Äù tells one story.  Yet, if we were to break it down differently, it might show something else.  In a group of 10 engineers, there might be 2 people from China, 3 from India, the remainders being the caucasians from the US/Canada.  Proportionally, I think there are more woman as engineers, than there are as technicians.  I‚Äôm seeing a lot of inter-sex people, especially at the lower levels. It‚Äôs nice, but it‚Äôs quite different than even 3-4 years ago. There are very few black people.",False,1706373058.0,/r/dataisbeautiful/comments/1accvcl/gender_racial_diversity_of_usa_employees_at/kjtmsdh/,27
78,kjtvg0q,kjtmsdh,arakus72,"Do you mean transgender and/or nonbinary? Intersex is a different thing, and intersex people usually seem to treat it more like a medical thing than an identity so you probably wouldn‚Äôt know? (Also just tbc none of those categories are mutually exclusive) ‚Äì-  ‚Äì- Or am I misunderstanding something? IDK, I just don‚Äôt understand why there would be a lot of intersex people specifically from what I know.",False,1706376247.0,/r/dataisbeautiful/comments/1accvcl/gender_racial_diversity_of_usa_employees_at/kjtvg0q/,13
79,kjvg5h1,kjtmsdh,theclacks,"Do you have a significant number of Canadian-Chinese people at your company? It's an extra subcategory I've noticed. Most of their families are from Hong Kong, so I'm assuming they're all part of the big wave that immigrated to other commonwealth countries after Hong Kong was returned to China in 1997.",False,1706397436.0,/r/dataisbeautiful/comments/1accvcl/gender_racial_diversity_of_usa_employees_at/kjvg5h1/,3
80,kjv6zye,False,Souchirou,"America: We want to de-risk our chip supply chain from China! ‚Äì-  ‚Äì- America: Hold on, we have been dismantling our educational standards for decades and we don't actually have nearly enough well educated people to fill these roles! ‚Äì-  ‚Äì- America: \*hires Asians instead of improving their education\*.",False,1706393862.0,/r/dataisbeautiful/comments/1accvcl/gender_racial_diversity_of_usa_employees_at/kjv6zye/,7
81,kjvzdwk,kjv6zye,fatbob42,There‚Äôs no data here on nationality.,False,1706405177.0,/r/dataisbeautiful/comments/1accvcl/gender_racial_diversity_of_usa_employees_at/kjvzdwk/,1
82,kjtyivf,False,Pascal220,"I mean....all as expected. I wish ASML and Samsung were in the analysis as well, but they are not strictly semiconductor companies. Really cool analysis though.",False,1706377361.0,/r/dataisbeautiful/comments/1accvcl/gender_racial_diversity_of_usa_employees_at/kjtyivf/,3
83,kjtz0xz,kjtyivf,teamongered,"Unfortunately, as far as I am aware, this type of data is not available for those companies.",True,1706377544.0,/r/dataisbeautiful/comments/1accvcl/gender_racial_diversity_of_usa_employees_at/kjtz0xz/,8
84,kjux4s3,False,LegoNick1208,"What would be really interesting is this data, scaled based on percentage of the populations.",False,1706389996.0,/r/dataisbeautiful/comments/1accvcl/gender_racial_diversity_of_usa_employees_at/kjux4s3/,3
85,kjtnyem,False,Happydayys33,Ahh the telling statistic of ratio of executives. The proof is in the pudding.,False,1706373493.0,/r/dataisbeautiful/comments/1accvcl/gender_racial_diversity_of_usa_employees_at/kjtnyem/,8
86,kjtq1rh,False,Eraserguy,So basically white people are severely underrepresented  except in the bottom 4,False,1706374264.0,/r/dataisbeautiful/comments/1accvcl/gender_racial_diversity_of_usa_employees_at/kjtq1rh/,9
87,kjttp5l,kjtq1rh,Strudopi,Same with black people wow,False,1706375603.0,/r/dataisbeautiful/comments/1accvcl/gender_racial_diversity_of_usa_employees_at/kjttp5l/,10
88,kjwhnx8,kjtq1rh,Deegus202,"Turns out asians make better engineers whether it be from culture or genetics. Yes, race can be used to generalize certain character traits no matter what your sociology professor told you.",False,1706412746.0,/r/dataisbeautiful/comments/1accvcl/gender_racial_diversity_of_usa_employees_at/kjwhnx8/,-4
89,kjtjksk,False,AMildInconvenience,Are these really semiconductor companies? How many of these actually have fabs and manufacture semiconductors? ‚Äì-  ‚Äì- Surely microchip design companies would be a better descriptor.,False,1706371842.0,/r/dataisbeautiful/comments/1accvcl/gender_racial_diversity_of_usa_employees_at/kjtjksk/,8
90,kjtml7o,kjtjksk,beenoc,"The following companies on this list have their own fabs (not necessarily in the USA, some of these only have fabs in China/Taiwan/Korea/etc., and many of these companies might only have 1 or 2 small fabs and still buy most of their chips from someone else): ‚Äì-  ‚Äì- * TSMC ‚Äì- * SK Hynix ‚Äì- * Apple ‚Äì- * NXP ‚Äì- * Intel ‚Äì- * Texas Instruments ‚Äì- * Micron ‚Äì- * Analog Devices ‚Äì-  ‚Äì- And other companies with fabs in the USA that are not included here, and are big enough to have their own Wikipedia article: ‚Äì-  ‚Äì- * Medtronic ‚Äì- * IXYS ‚Äì- * Infineon Technologies ‚Äì- * Rigetti Computing ‚Äì- * Atomica ‚Äì- * Skyworks Solutions ‚Äì- * Tower Semiconductor ‚Äì- * TSI Semiconductors ‚Äì- * Infinera ‚Äì- * Broadcom ‚Äì- * Renesas ‚Äì- * Diodes Incorporated ‚Äì- * Skyworks Solutions ‚Äì- * Polar Semiconductor ‚Äì- * Seagate ‚Äì- * BAE Systems ‚Äì- * SUNY Albany (R&D, not commercial) ‚Äì- * ON Semiconductor ‚Äì- * Rohm ‚Äì- * GlobalFoundries ‚Äì- * Wolfspeed ‚Äì- * Qorvo ‚Äì- * Integrated Device Technology ‚Äì- * TDK ‚Äì- * Samsung ‚Äì- * X-Fab ‚Äì-  ‚Äì- Source is [this Wikipedia list](https://en.wikipedia.org/wiki/List_of_semiconductor_fabrication_plants), only counting listed fabs with sources.",False,1706372982.0,/r/dataisbeautiful/comments/1accvcl/gender_racial_diversity_of_usa_employees_at/kjtml7o/,12
91,kjtkk0w,kjtjksk,maviegoes,"Working for one of these companies that does not have a fab, we say ""Fabless Semi Company"" but we still consider ourselves a semiconductor company. ‚Äì-  ‚Äì- Synopsys is the odd one being an EDA company.",False,1706372216.0,/r/dataisbeautiful/comments/1accvcl/gender_racial_diversity_of_usa_employees_at/kjtkk0w/,6
92,kjtvx5z,kjtjksk,randomCAguy,People in the semiconductor industry would consider designing and selling semiconductor products as ‚Äúmaking them‚Äù even though they may not manufacture them,False,1706376422.0,/r/dataisbeautiful/comments/1accvcl/gender_racial_diversity_of_usa_employees_at/kjtvx5z/,3
93,kjtmuhk,False,rattymcratface,"Why is equity important?  Equality of opportunity, competence and content of character should be the criteria, not skin tone.",False,1706373081.0,/r/dataisbeautiful/comments/1accvcl/gender_racial_diversity_of_usa_employees_at/kjtmuhk/,11
94,kjtur77,kjtmuhk,plutoniator,What‚Äôs hilarious is that their proof of inequality of opportunity is inequality of outcome,False,1706375995.0,/r/dataisbeautiful/comments/1accvcl/gender_racial_diversity_of_usa_employees_at/kjtur77/,6
95,kjtmgv7,False,twarr1,Why not do a plot on racial diversity in professional basketball or sumo wrestling?,False,1706372936.0,/r/dataisbeautiful/comments/1accvcl/gender_racial_diversity_of_usa_employees_at/kjtmgv7/,15
96,kjtx4co,kjtmgv7,teamongered,"Go find the data, make some visualizations, and post it to this subreddit then üòÄ",True,1706376857.0,/r/dataisbeautiful/comments/1accvcl/gender_racial_diversity_of_usa_employees_at/kjtx4co/,17
97,kjtvx73,False,Potential_Wing9940,This is a real eye sore to look at.,False,1706376422.0,/r/dataisbeautiful/comments/1accvcl/gender_racial_diversity_of_usa_employees_at/kjtvx73/,2
98,kju72h9,False,Louth_Mouth,"Analog Devices biggest site's are in the US, Germany, Ireland, Japan, &  Shanghai",False,1706380467.0,/r/dataisbeautiful/comments/1accvcl/gender_racial_diversity_of_usa_employees_at/kju72h9/,2
99,kjugb6n,False,forever_a10ne,I‚Äôd be really interested in what the breakdown for this is for my company. People know me as ‚Äúthat one white guy who does [job function]‚Äù because I‚Äôm 1 of maybe 6 white people in my entire department of ~50.,False,1706383815.0,/r/dataisbeautiful/comments/1accvcl/gender_racial_diversity_of_usa_employees_at/kjugb6n/,2
100,kjvekid,False,Maelfio,Data is shit. Grouping like this doesn't actually show anything other than it'd mostly men asian/white,False,1706396802.0,/r/dataisbeautiful/comments/1accvcl/gender_racial_diversity_of_usa_employees_at/kjvekid/,2
101,kjxmhbv,False,listenandlearn2,I've often wondered why it is necessary to differentiate between Hispanic and Non- Hispanic.,False,1706436589.0,/r/dataisbeautiful/comments/1accvcl/gender_racial_diversity_of_usa_employees_at/kjxmhbv/,2
102,kjzeu7f,False,BoatsandOars,"Confirmed, semi conductor companies hire both men and women and people from different backgrounds.",False,1706466475.0,/r/dataisbeautiful/comments/1accvcl/gender_racial_diversity_of_usa_employees_at/kjzeu7f/,2
103,kjtivje,False,rattymcratface,Why is everyone so obsessed with race and gender?,False,1706371573.0,/r/dataisbeautiful/comments/1accvcl/gender_racial_diversity_of_usa_employees_at/kjtivje/,15
104,kjtkcs8,kjtivje,SweetCandyFarts,Obsessed is an interesting term to use. Awareness is important to work towards an equitable society.,False,1706372139.0,/r/dataisbeautiful/comments/1accvcl/gender_racial_diversity_of_usa_employees_at/kjtkcs8/,6
105,kjtyr67,kjtivje,ThinkinDeeply,"It‚Äôs literally just numbers that represent reality. Calm down. If it makes you think a certain way or scares you, that‚Äôs unfortunate because it‚Äôs just data and facts. It‚Äôs strange the coincidence that the people complaining about this all seem to participate in the same conservative subs‚Ä¶..why you guys trying to censor reality?  ‚Äì-  ‚Äì- This graph is how it actually is. That‚Äôs your problem with it. It empirically proves there are some liars out there and they just can‚Äôt stand it because there‚Äôs no way to argue with numbers with spin like they usually do.",False,1706377446.0,/r/dataisbeautiful/comments/1accvcl/gender_racial_diversity_of_usa_employees_at/kjtyr67/,0
106,kju8n8i,False,StrivingShadow,Interesting that Asians really outnumber whites even when they have such a small percentage of the general population.,False,1706381037.0,/r/dataisbeautiful/comments/1accvcl/gender_racial_diversity_of_usa_employees_at/kju8n8i/,4
107,kjvgzcw,kju8n8i,wadss,That‚Äôs cus the geographic distribution of semi conductor companies isn‚Äôt random,False,1706397769.0,/r/dataisbeautiful/comments/1accvcl/gender_racial_diversity_of_usa_employees_at/kjvgzcw/,8
108,kjtq1zu,False,OwenLoveJoy,So does TSMC just preferentially hire Asians or what?,False,1706374267.0,/r/dataisbeautiful/comments/1accvcl/gender_racial_diversity_of_usa_employees_at/kjtq1zu/,4
109,kjv9pdg,kjtq1zu,RaHekki,"TSMC is pretty new to the US, most of their employees right now are transfers from headquarters in Taiwan, and the work is being done by contractors. ‚Äì-  ‚Äì- Once the fabs open up and they hire a bunch of local technicians, it'll be a more normal distribution",False,1706394898.0,/r/dataisbeautiful/comments/1accvcl/gender_racial_diversity_of_usa_employees_at/kjv9pdg/,16
110,kjuuteb,kjtq1zu,Creative-Road-5293,They hire by who is qualified.,False,1706389132.0,/r/dataisbeautiful/comments/1accvcl/gender_racial_diversity_of_usa_employees_at/kjuuteb/,-2
111,kjuom3h,kjtq1zu,,[deleted],False,1706386856.0,/r/dataisbeautiful/comments/1accvcl/gender_racial_diversity_of_usa_employees_at/kjuom3h/,1
112,kju9ze4,False,SinigangCaldereta,"Asian category is so vast. I‚Äôm willing to bet that South East Asians don‚Äôt get as much opportunities as South or East Asians do. Metrics for equity don‚Äôt even begin to matter if your data is only granulated in certain categories, yet are vague and zoomed out for others. But alas, that‚Äôs the world we live in.",False,1706381517.0,/r/dataisbeautiful/comments/1accvcl/gender_racial_diversity_of_usa_employees_at/kju9ze4/,3
113,kjwzcpr,False,villain75,"These comments complaining about even seeing data on diversity are pretty interesting, but not as concerning as the ones immediately assuming race has anything to do with qualifications. ‚Äì-  ‚Äì- This is just data, nobody is even trying to say what it means or whether it's good or bad.   ‚Äì-  ‚Äì- It's no wonder discussions about anything race-related can't even happen, when even showing a graph leads to immediate diaper soiling over what it might mean.  Critical thinking and analysis, like ""I wonder where these companies are located, and what the local demographics are"" which might actually provide some insight.",False,1706421082.0,/r/dataisbeautiful/comments/1accvcl/gender_racial_diversity_of_usa_employees_at/kjwzcpr/,3
114,kjx2ocf,kjwzcpr,teamongered,"I agree, it is just data... and that is exactly what I am trying to communicate with the visualization. I want to enable the individual person to look at the data themself and draw their own conclusions (for better or worse). Or motivate them to do their own research. ‚Äì-  ‚Äì- There has been a frenzy of discussion around diversity in recent years in the news and social media (especially in the USA). But in my experience the discussion is often anecdotal, one-sided, etc. and even if data is shown it is sometimes very limited in scope or biased. So this got me motivated to see what the demographic data actually looks like... and this led to me wanting to find ways to share the data with others.",True,1706422969.0,/r/dataisbeautiful/comments/1accvcl/gender_racial_diversity_of_usa_employees_at/kjx2ocf/,2
115,kjx5o7b,False,mreusdon,"I don‚Äôt work in the Semiconductor space, but I do work in the university space.  Overwhelmingly, males choose degrees in computer science and engineering.  I see lectures of a 100 where you can count the number of non-male students on 1 hand sometimes.  The approximate ratio in my country is about 75:25 in these degrees that would feed into the tech industry.  ‚Äì-  ‚Äì- The stranger thing is though, 60% of university entrants are female, they just don‚Äôt think they want to be engineers or computer scientists too often.  ‚Äì-  ‚Äì- The same scenario is played out in reverse in the marketing department and psychology departments for example.",False,1706424830.0,/r/dataisbeautiful/comments/1accvcl/gender_racial_diversity_of_usa_employees_at/kjx5o7b/,3
116,kjtlf9s,False,Neat_Onion,There should be a separation between South East Asian (Indian) and East Asian.,False,1706372544.0,/r/dataisbeautiful/comments/1accvcl/gender_racial_diversity_of_usa_employees_at/kjtlf9s/,4
117,kjtmj77,kjtlf9s,Mysterious-Mark863,Indians are not Southeast Asians,False,1706372961.0,/r/dataisbeautiful/comments/1accvcl/gender_racial_diversity_of_usa_employees_at/kjtmj77/,17
118,kjtxnd8,kjtlf9s,teamongered,Unfortunately these companies don‚Äôt provide data with demographics broken down that way. They follow the [EEO1](https://www.eeoc.gov/data/eeo-data-collections) guidelines when reporting this data,True,1706377045.0,/r/dataisbeautiful/comments/1accvcl/gender_racial_diversity_of_usa_employees_at/kjtxnd8/,1
119,kjtvall,False,Easy_Money_,"Say what you want about Apple but in terms of Black people, people of Hispanic descent, and women being hired, they‚Äôre leaps ahead of every company on this list. To the point that it doesn‚Äôt look like anyone else is trying",False,1706376191.0,/r/dataisbeautiful/comments/1accvcl/gender_racial_diversity_of_usa_employees_at/kjtvall/,6
120,kju4xdi,kjtvall,AncientPlane8531,"Then I'm sure you'll be delighted to know most of them are being hired as assistants, service workers and sales workers.   ‚Äì-  ‚Äì-  ‚Äì- https://www.diversify.fyi/company/apple-inc",False,1706379683.0,/r/dataisbeautiful/comments/1accvcl/gender_racial_diversity_of_usa_employees_at/kju4xdi/,27
121,kjwi5mz,kjtvall,Deegus202,Apple also creates products that require half of the engineering abilities as every single other company listed. Turns out you need the smartest people the earth has to offer to make microprocessors compared to some wireless headphones.,False,1706412960.0,/r/dataisbeautiful/comments/1accvcl/gender_racial_diversity_of_usa_employees_at/kjwi5mz/,0
122,kju84h5,kjtvall,maxhaton,"Unless this somehow has data for only apples semi people the proportion women make up will be massively inflated because apple does a lot of stuff other than semi engineering (e.g. some googling suggests marketing, which apple have more of since they sell consumer products, and so on could be upwards of 2/3 female)",False,1706380848.0,/r/dataisbeautiful/comments/1accvcl/gender_racial_diversity_of_usa_employees_at/kju84h5/,1
123,kjvj7yf,kjtvall,kory1111,"Companies don‚Äôt care about race or gender, they care about profit so they‚Äôre gonna hire whoever meets their industry standard",False,1706398668.0,/r/dataisbeautiful/comments/1accvcl/gender_racial_diversity_of_usa_employees_at/kjvj7yf/,1
124,kjtohln,False,operatowers,"\- Every single company has a lower % of Asian employees in executive positions vs. professional positions. Indicating unfavourability in being promoted to the top. ‚Äì-  ‚Äì- \- Analog Devices, a Fortune 500 company, almost only lets males who are white in executive positions. Almost no females, almost no people of color. ‚Äì-  ‚Äì- \- TSMC is the most favorable for women, both in total % and in executive positions. ‚Äì-  ‚Äì- \- Qualcomm is the most favorable for black employees - both by % in executive positions and the fact that there is a higher % of black employees in executive positions vs. professional positions. Indicating favorability of being promoted to the top.",False,1706373690.0,/r/dataisbeautiful/comments/1accvcl/gender_racial_diversity_of_usa_employees_at/kjtohln/,3
125,kjtqxt2,kjtohln,heinzenfeinzen,">Indicating unfavourability in being promoted to the top ‚Äì-  ‚Äì- You need to account for ""desire"". The work performed as a technical person and as an executive are light years apart.",False,1706374594.0,/r/dataisbeautiful/comments/1accvcl/gender_racial_diversity_of_usa_employees_at/kjtqxt2/,12
126,kjtyji8,kjtohln,NeedsToShutUp,>Every single company has a lower % of Asian employees in executive positions vs. professional positions. Indicating unfavourability in being promoted to the top. ‚Äì-  ‚Äì- Except Hynix.,False,1706377368.0,/r/dataisbeautiful/comments/1accvcl/gender_racial_diversity_of_usa_employees_at/kjtyji8/,2
127,kjuggg1,False,Broody2131,Wish we would hire people based on their merits instead of their sex and color...,False,1706383869.0,/r/dataisbeautiful/comments/1accvcl/gender_racial_diversity_of_usa_employees_at/kjuggg1/,3
128,kjwh8k9,kjuggg1,Deegus202,"Most of these companies do actually hire based on merit. Its very obvious by looking at the disproportionately large number of hispanics that are hired by apple compared to any of these other companies. Hispanic countries are not developed enough to be producing high level engineers as shown by other companies, but we all know apple is a big dei corp.  ‚Äì-  ‚Äì- I wont argue merit based hiring is gone from many companies but these specific companies are the pinnacle of engineering and didnt get there without taking the best of the best.",False,1706412559.0,/r/dataisbeautiful/comments/1accvcl/gender_racial_diversity_of_usa_employees_at/kjwh8k9/,8
129,kjtpdxa,False,xxsyph3rr,Why does it matter what the race make up is of a company?   Hire the best people regardless of their skin color.  Make the best product. Skin color or private parts are the least interesting thing about a person.  I just don‚Äôt get it.,False,1706374019.0,/r/dataisbeautiful/comments/1accvcl/gender_racial_diversity_of_usa_employees_at/kjtpdxa/,1
130,kjuxsdh,kjtpdxa,Hardbun,"Look at it on a deeper level instead of the surface, when companies hire people from a wide background, that company will have a wide idea range to implement into their products. That's why it's important, when a group of people are hegemonic, the range of different ideas and innovations that group produces is more limited, that group is less able to cater and develop solutions to other backgrounds different than them. Diversity makes business sense, it adds adaptability and increased understanding to a workforce.",False,1706390241.0,/r/dataisbeautiful/comments/1accvcl/gender_racial_diversity_of_usa_employees_at/kjuxsdh/,-1
131,kju90yz,False,teeodeeo,Imagine hiring people basing or their gender and race‚Ä¶ so sad and non meritocratic,False,1706381175.0,/r/dataisbeautiful/comments/1accvcl/gender_racial_diversity_of_usa_employees_at/kju90yz/,3
132,kjvxnuv,kju90yz,glap88,I came here to basically say the same thing...who cares. This is a stupid post.,False,1706404490.0,/r/dataisbeautiful/comments/1accvcl/gender_racial_diversity_of_usa_employees_at/kjvxnuv/,-2
133,kjuba6t,False,SmellyFatCock,"Great, but please hire by competent, and no by sex or skin color",False,1706381984.0,/r/dataisbeautiful/comments/1accvcl/gender_racial_diversity_of_usa_employees_at/kjuba6t/,1
134,kjv5if4,kjuba6t,encyclopediabey,What are you trying to say?,False,1706393290.0,/r/dataisbeautiful/comments/1accvcl/gender_racial_diversity_of_usa_employees_at/kjv5if4/,2
135,kjtee47,False,The_Laviathen_Builds,Racial perversion is so unhealthy.  History repeats itself.,False,1706369812.0,/r/dataisbeautiful/comments/1accvcl/gender_racial_diversity_of_usa_employees_at/kjtee47/,-12
136,kjtkqfq,kjtee47,cheyenne_sky,what is racial perversion,False,1706372284.0,/r/dataisbeautiful/comments/1accvcl/gender_racial_diversity_of_usa_employees_at/kjtkqfq/,9
137,kjtjtn5,kjtee47,Razatiger,Yeah graphs like this is probably why we will never have true unity. All it really does is boost racial egos and put others against each other.,False,1706371936.0,/r/dataisbeautiful/comments/1accvcl/gender_racial_diversity_of_usa_employees_at/kjtjtn5/,-8
138,kjtwpx6,False,AskMoreQuestionsOk,"If you pan over to the job category, executive vs first, you can clearly see the lack of promotion for women in these businesses, as the proportion of women shrinks when you switch from lower management to higher.",False,1706376712.0,/r/dataisbeautiful/comments/1accvcl/gender_racial_diversity_of_usa_employees_at/kjtwpx6/,1
139,kju1ops,False,sillychillly,This visual is great! Very easily consumable,False,1706378508.0,/r/dataisbeautiful/comments/1accvcl/gender_racial_diversity_of_usa_employees_at/kju1ops/,1
140,kjulsu1,False,LordCrimsonAes,"Genuinely pleased so many Latino folk showing up... can honestly say I haven't met one. Though everyone thinks I'm white because I look like the twin brother of the reia chick, so maybe it's the same thing. ‚Äì-  ‚Äì- Tough being Hispanic in America but rarely for what people think is hard about it. I mean, those situations are tough, but like, idk... never found racism overly problematic. More like thanks for the heads up, won't be drinking with yall solo.",False,1706385817.0,/r/dataisbeautiful/comments/1accvcl/gender_racial_diversity_of_usa_employees_at/kjulsu1/,1
141,kjvbhrq,kjulsu1,TitansDaughter,"There are lots of Latino technicians in the semiconductor firms I‚Äôve worked for in Arizona, but at each one I‚Äôve been the only Latino engineer.",False,1706395592.0,/r/dataisbeautiful/comments/1accvcl/gender_racial_diversity_of_usa_employees_at/kjvbhrq/,2
142,kjvx3wg,False,platinum_toilet,"All this talk about diversity and inclusion.  I don't give a crap if purple frogs make the semi conductors as long as they work.  Likewise, I don't care who builds and flies planes as long as they work and pilots are competent.",False,1706404272.0,/r/dataisbeautiful/comments/1accvcl/gender_racial_diversity_of_usa_employees_at/kjvx3wg/,1
143,kjwtomt,False,Playful_Art4731,"Who cares. Why does everything have to be about, ‚ÄúGender & Racial?‚Äù Can we move on now‚Ä¶we just human bruh!",False,1706418183.0,/r/dataisbeautiful/comments/1accvcl/gender_racial_diversity_of_usa_employees_at/kjwtomt/,1
144,kjyga7w,False,timbus2006,"Why is it not racist when the majority is Asian, but it is when they‚Äôre white?",False,1706453845.0,/r/dataisbeautiful/comments/1accvcl/gender_racial_diversity_of_usa_employees_at/kjyga7w/,1
145,kjyo7du,False,ObjectiveMall,"Can we get companies to stop collecting this data? All this is and should be irrelevant. Politicians will abuse it, leading to more bureaucracy and regulation.",False,1706456996.0,/r/dataisbeautiful/comments/1accvcl/gender_racial_diversity_of_usa_employees_at/kjyo7du/,1
146,kjtl053,False,IllusiveParsnip,'Of all USA employees'... There's the answer. They are all American.,False,1706372387.0,/r/dataisbeautiful/comments/1accvcl/gender_racial_diversity_of_usa_employees_at/kjtl053/,-2
147,kjx107h,False,iplaywheniwant,shouldn‚Äôt we just care whether they‚Äôre qualified for the work they‚Äôre doing?,False,1706421993.0,/r/dataisbeautiful/comments/1accvcl/gender_racial_diversity_of_usa_employees_at/kjx107h/,0
148,kjtotiy,False,whk1992,"Mind you, ‚Äúracial diversity‚Äù here simply refers their staff‚Äôs skin color and origin. It is something easy to measure, but doesn‚Äôt tell you if one is racist or not.  ‚Äì-  ‚Äì- When I see companies or studies attempt to link racial diversity with how many colored/foreign people there are, I shake my head. I‚Äôm Asian, and I‚Äôve met plenty of racist Asians, and a lot of white neighbours who accepts other cultures with an open mind.",False,1706373810.0,/r/dataisbeautiful/comments/1accvcl/gender_racial_diversity_of_usa_employees_at/kjtotiy/,-1
149,kjtum5g,False,MethodicallyMediocre,"I don't find race data beautiful. I find the whole thing a bit absurd. The premise being that we are all different races. We are not. We are one race, and thats a beautiful piece of data, scientifically proven. If you want to get into ethnic diversity, thats a whole different line of work.",False,1706375944.0,/r/dataisbeautiful/comments/1accvcl/gender_racial_diversity_of_usa_employees_at/kjtum5g/,-1
150,kjtvhvs,False,Sybbian,"Ah yes, the famous racial definitions ...",False,1706376266.0,/r/dataisbeautiful/comments/1accvcl/gender_racial_diversity_of_usa_employees_at/kjtvhvs/,0
151,kjvo2ms,False,Utaryland,Buying from the bottom of the list as competency over diversity,False,1706400640.0,/r/dataisbeautiful/comments/1accvcl/gender_racial_diversity_of_usa_employees_at/kjvo2ms/,0
152,kjvv50n,False,AdligaTitlar,"This will be controversial, I know, but this graph is pointing out the racial and gender diversity of USA companies as if it's a bad thing.  Whereas I look at it as a positive thing because I can't think of another country that would have such a racial diversity in their largest companies. ‚Äì-  ‚Äì- For example, look at China.  What is the diversity makeup of their companies?  90% Chinese? More? ‚Äì-  ‚Äì- I think America is doing pretty good with their diversity in companies.  Can more be done? That's up for debate as I don't know the makeup of the populations, but I think it's doing better than most like India, Russia, Turkey, etc, etc, etc.   ‚Äì-  ‚Äì- For the record, I'm not American.",False,1706403485.0,/r/dataisbeautiful/comments/1accvcl/gender_racial_diversity_of_usa_employees_at/kjvv50n/,0
153,kjwgoot,False,Am_Seeker_731,Who gives a fuck. Hire the best skilled candidates and you'll automatically be diversified anyway. If the applicant pool isn't diversified then they don't want the fucking job! This shit is so stupid,False,1706412319.0,/r/dataisbeautiful/comments/1accvcl/gender_racial_diversity_of_usa_employees_at/kjwgoot/,0
154,kjy5n9x,False,IncognitoAnonymous2,Seems expected. Engineering requires competence and not quotas.,False,1706448923.0,/r/dataisbeautiful/comments/1accvcl/gender_racial_diversity_of_usa_employees_at/kjy5n9x/,0
155,kjthdn5,False,Paintrain50c,Well I don‚Äôt know the company Analog Devices but I‚Äôd expect it‚Äôs just a bunch of old white men talking about their clocks.,False,1706370989.0,/r/dataisbeautiful/comments/1accvcl/gender_racial_diversity_of_usa_employees_at/kjthdn5/,-8
156,kjtnalk,kjthdn5,shorthandgregg,They probably forgot more over the weekend than you know about analog computing¬†,False,1706373248.0,/r/dataisbeautiful/comments/1accvcl/gender_racial_diversity_of_usa_employees_at/kjtnalk/,8
157,kjtw31y,False,X0AN,America and their racism is just bizarre. ‚Äì-  ‚Äì- You couldn't possible be hispanic and white. Heaven forbid.,False,1706376481.0,/r/dataisbeautiful/comments/1accvcl/gender_racial_diversity_of_usa_employees_at/kjtw31y/,-3
158,kjtygzr,kjtw31y,GlumBreadfruit4600,You can be Hispanic and white in the census.,False,1706377342.0,/r/dataisbeautiful/comments/1accvcl/gender_racial_diversity_of_usa_employees_at/kjtygzr/,5
159,kju72am,False,Fallen-Patriot,"I wish we would focus on the best talent and race is not a factor when hiring. Look at professional sports like basketball or football.. to win you hire the best regardless of race. It‚Äôs not a majority of white, Asian or other races or an effort to ensure they are equally weighted based on our population mix.  ‚Äì-  ‚Äì- Just look at big corporate hiring practices, higher ed to government appointments in Washington. I feel for all those that work hard and based on their qualifications they are now placed on the back of the bus.",False,1706380466.0,/r/dataisbeautiful/comments/1accvcl/gender_racial_diversity_of_usa_employees_at/kju72am/,-1
160,kjuiy7b,kju72am,ToLiveInIt,‚Äú‚Ä¶ best talent ‚Ä¶‚Äù ‚Äì-  ‚Äì- Race has *always* been a factor in hiring in the U.S.,False,1706384770.0,/r/dataisbeautiful/comments/1accvcl/gender_racial_diversity_of_usa_employees_at/kjuiy7b/,0
161,kjw9zpz,False,donniccolo,"But, and hear me out, ‚ÄúRace‚Äù isn‚Äôt real ‚Äì-  ‚Äì- Ask a biologist",False,1706409478.0,/r/dataisbeautiful/comments/1accvcl/gender_racial_diversity_of_usa_employees_at/kjw9zpz/,-1
162,kju3hlg,False,,[deleted],False,1706379161.0,/r/dataisbeautiful/comments/1accvcl/gender_racial_diversity_of_usa_employees_at/kju3hlg/,0
163,kju6vm8,kju3hlg,Ketosheep,They are asian.,False,1706380399.0,/r/dataisbeautiful/comments/1accvcl/gender_racial_diversity_of_usa_employees_at/kju6vm8/,1
164,kju7a2f,False,New-Cloud9038,"Disregarding all the complaints about how people are grouped, I just want to say these charts are nicely done!",False,1706380542.0,/r/dataisbeautiful/comments/1accvcl/gender_racial_diversity_of_usa_employees_at/kju7a2f/,0
165,kjuk3tk,False,ragu455,There are Indians also in these companies. Asians typically mean Chinese Korean etc.,False,1706385190.0,/r/dataisbeautiful/comments/1accvcl/gender_racial_diversity_of_usa_employees_at/kjuk3tk/,0
166,kjuommj,False,SocialJusticeJester,Looks like we need affirmative action to smooth out these numbers! /s,False,1706386861.0,/r/dataisbeautiful/comments/1accvcl/gender_racial_diversity_of_usa_employees_at/kjuommj/,0
167,kjup61d,False,Impossible-Policy509,Hell yeah! Analog Devices for the win!,False,1706387059.0,/r/dataisbeautiful/comments/1accvcl/gender_racial_diversity_of_usa_employees_at/kjup61d/,0
168,kjvqh0t,kjup61d,drBbanzai,Show me on the doll where us Asian(-Americans) hurt you.,False,1706401614.0,/r/dataisbeautiful/comments/1accvcl/gender_racial_diversity_of_usa_employees_at/kjvqh0t/,1
169,kjuva1j,False,bdrs12,"i don‚Äôt think this information provides insight into anything useful. the better charts would be their financial performance, those would actually give insight into how good these companies are at making chips.",False,1706389307.0,/r/dataisbeautiful/comments/1accvcl/gender_racial_diversity_of_usa_employees_at/kjuva1j/,0
170,kjyt30p,kjuva1j,No-Cat-7269,Thats not the point of this post,False,1706458828.0,/r/dataisbeautiful/comments/1accvcl/gender_racial_diversity_of_usa_employees_at/kjyt30p/,1
171,kjw2zk3,False,ghlibisk,Shown statistical correlation between % male or % Asian and market cap.,False,1706406615.0,/r/dataisbeautiful/comments/1accvcl/gender_racial_diversity_of_usa_employees_at/kjw2zk3/,0
172,kjzwbx1,False,No-Weekend6347,So Elon was right!  ‚Äì-  ‚Äì- DEI is killing America!,False,1706472570.0,/r/dataisbeautiful/comments/1accvcl/gender_racial_diversity_of_usa_employees_at/kjzwbx1/,0
173,kjtv063,False,satriale," No control for geo or look at population proportions, etc. this is not very enlightening. It‚Äôs also not beautiful at all.",False,1706376084.0,/r/dataisbeautiful/comments/1accvcl/gender_racial_diversity_of_usa_employees_at/kjtv063/,-2
174,kjtvohz,kjtv063,teamongered,The data is for USA employees only. But it is true that state and career preference differences in demographics can partially explain the data (potentially),True,1706376333.0,/r/dataisbeautiful/comments/1accvcl/gender_racial_diversity_of_usa_employees_at/kjtvohz/,5
175,kjtga3m,False,,[deleted],False,1706370563.0,/r/dataisbeautiful/comments/1accvcl/gender_racial_diversity_of_usa_employees_at/kjtga3m/,-8
176,kjti6ra,kjtga3m,No-Individual9286,"The breakdown between men and women is not surprising at all to me. If you go to any school of engineering, specifically electrical engineering at a university, it's pretty much a meat fest in all of the classes.",False,1706371303.0,/r/dataisbeautiful/comments/1accvcl/gender_racial_diversity_of_usa_employees_at/kjti6ra/,5
177,kjthyvg,kjtga3m,WorldlyValuable7679,What are you referring to?,False,1706371220.0,/r/dataisbeautiful/comments/1accvcl/gender_racial_diversity_of_usa_employees_at/kjthyvg/,2
178,kjtca0g,False,vandalist,"My takeaway... the more asians, the greater the overperformance on GPUs and AI-oriented chips. While the more white, the greater the lag or lack of foresight.",False,1706368962.0,/r/dataisbeautiful/comments/1accvcl/gender_racial_diversity_of_usa_employees_at/kjtca0g/,-34
179,kjtmybx,kjtca0g,mouldysandals,yes white bad any other race good üëçüèΩ,False,1706373121.0,/r/dataisbeautiful/comments/1accvcl/gender_racial_diversity_of_usa_employees_at/kjtmybx/,5
180,kjtwbxu,False,iEnj0y,"its true i work in the semi conductor industry, majority are Asians, surprised no Indians on here they are also up there.",False,1706376570.0,/r/dataisbeautiful/comments/1accvcl/gender_racial_diversity_of_usa_employees_at/kjtwbxu/,-4
181,kju0acb,kjtwbxu,halfabricklong,Indians are Asians. And I mean people from India.,False,1706377998.0,/r/dataisbeautiful/comments/1accvcl/gender_racial_diversity_of_usa_employees_at/kju0acb/,13
182,kju1kg0,False,Stevo1651,I was told all white men are terrible and companies need to be dominated by minorities and women in order to ensure the are ethical and moral. I see wayyyyyy too many white men in these companies. Gotta change!!,False,1706378464.0,/r/dataisbeautiful/comments/1accvcl/gender_racial_diversity_of_usa_employees_at/kju1kg0/,-4
183,kjufv8k,False,desnz,"When did ""white"" become a race?",False,1706383651.0,/r/dataisbeautiful/comments/1accvcl/gender_racial_diversity_of_usa_employees_at/kjufv8k/,-1
184,kjv5ws5,False,Carbinekilla,"where are they at... ""Muh hecking Sexism and Racism"" comments ‚Äì-  ‚Äì- Lmfao clown world.",False,1706393445.0,/r/dataisbeautiful/comments/1accvcl/gender_racial_diversity_of_usa_employees_at/kjv5ws5/,-1
185,kjw6q3y,False,dresserplate,More diverse than nba basketball,False,1706408140.0,/r/dataisbeautiful/comments/1accvcl/gender_racial_diversity_of_usa_employees_at/kjw6q3y/,-1
186,kjw8q6i,False,Worried_Quarter469,Wonder what the logic is at Apple disfavoring Asians.,False,1706408960.0,/r/dataisbeautiful/comments/1accvcl/gender_racial_diversity_of_usa_employees_at/kjw8q6i/,-1
187,kjtuuzy,False,plutoniator,Glad to hear that you believe genetics should play a stronger part in who employers are allowed to hire.,False,1706376033.0,/r/dataisbeautiful/comments/1accvcl/gender_racial_diversity_of_usa_employees_at/kjtuuzy/,-6
188,kjwwbn9,False,soggyblotter,"So based on the sorting of these graphs, top to bottom, racial hemogony is good in Asia, bad in... white... got it",False,1706419483.0,/r/dataisbeautiful/comments/1accvcl/gender_racial_diversity_of_usa_employees_at/kjwwbn9/,-2
189,kjtosdt,False,azimm29,Can we get an overlay of some financial metrics? ‚Äì-  ‚Äì- How has the highest profit margin as a % of Rev? Maybe revenue growth as well??,False,1706373799.0,/r/dataisbeautiful/comments/1accvcl/gender_racial_diversity_of_usa_employees_at/kjtosdt/,1
190,kjtx2cu,False,Inevitable_Quality_3,Any idea on who has the best chips?,False,1706376836.0,/r/dataisbeautiful/comments/1accvcl/gender_racial_diversity_of_usa_employees_at/kjtx2cu/,1
191,kjtxo52,False,WormLivesMatter,Interesting. What about global foundaries though. It‚Äôs in the top three chip producers in the world and they have a factory in VT,False,1706377052.0,/r/dataisbeautiful/comments/1accvcl/gender_racial_diversity_of_usa_employees_at/kjtxo52/,1
192,kju4uks,False,Mr_Deep_Research,"According to the U.S. Census, the percentage of engineers who are women remains low compared to their male counterparts. Just 9% of mechanical engineers are women, and for electrical engineers, that figure is 10%. ‚Äì-  ‚Äì- Given that, for the engineering roles, women seem represented at a rate matching the rates of engineering degrees. Maybe a bit more. ‚Äì-  ‚Äì- Would be interesting to see biotech in contrast to semiconductor because: ‚Äì-  ‚Äì- ""... Of undergraduate biology majors, more than 60 percent are female and about half of biosciences graduate students are women."" ‚Äì-  ‚Äì- ""...44.9% of biotechnologists are female."" ‚Äì-  ‚Äì- ""...with about 40‚Äì50% of employees at biotech companies being women in the UK, United States and Europe.""",False,1706379654.0,/r/dataisbeautiful/comments/1accvcl/gender_racial_diversity_of_usa_employees_at/kju4uks/,1
193,kju7omt,False,GreyhoundsAreFast,I‚Äôm shocked that a lot of Asians work at Taiwan Semiconductors and a lot of whites work at Texas Instruments.,False,1706380687.0,/r/dataisbeautiful/comments/1accvcl/gender_racial_diversity_of_usa_employees_at/kju7omt/,1
194,kju7w1w,False,Skeptical0ptimist,"'IC (Integrated Circuits) engineering really means Indian-Chinese engineering.' ‚Äì-  ‚Äì- This was a joke from one of my Indian bosses at a major semiconductor company. ‚Äì-  ‚Äì- Anyway.  Semiconductor business will be one of last bastions of meritocracy.  It is a brutal business where if you didn't get on top of your technical problems yesterday, you will start losing money that quarter and the wrath of the whole organization will descent upon you.",False,1706380762.0,/r/dataisbeautiful/comments/1accvcl/gender_racial_diversity_of_usa_employees_at/kju7w1w/,1
195,kjuaome,False,Jimbrutan,"Asia is so big, it includes Russians, Chinese, Indians‚Ä¶",False,1706381769.0,/r/dataisbeautiful/comments/1accvcl/gender_racial_diversity_of_usa_employees_at/kjuaome/,1
196,kjuaquj,False,crash12345,Why post with such low resolution? Can't see the smaller racial categories easily.,False,1706381792.0,/r/dataisbeautiful/comments/1accvcl/gender_racial_diversity_of_usa_employees_at/kjuaquj/,1
197,kjuhnsr,False,ebdixbd,Run by men ? Supported by women?,False,1706384301.0,/r/dataisbeautiful/comments/1accvcl/gender_racial_diversity_of_usa_employees_at/kjuhnsr/,1
198,kjum3xf,False,ObjectiveFantastic65,"Depending where the company is located, there might not be many black people there, in the geographic area.",False,1706385930.0,/r/dataisbeautiful/comments/1accvcl/gender_racial_diversity_of_usa_employees_at/kjum3xf/,1
199,kjurl4d,kjum3xf,Odd_Equipment2867,I assume quite a few under the black American category are African as I don‚Äôt see listing for them here outside of other. Lots of Ethiopians with advance degrees in engineering sector. I have 4 from my family with executive positions in 3 of those companies. Also geographic location is not really an issue these days as companies relocate employees they want.,False,1706387943.0,/r/dataisbeautiful/comments/1accvcl/gender_racial_diversity_of_usa_employees_at/kjurl4d/,1
200,kjupezo,False,wendyrx37,That top one showing the diversity of the USA.. Notice the miniscule amount of Native Americans. üíî,False,1706387150.0,/r/dataisbeautiful/comments/1accvcl/gender_racial_diversity_of_usa_employees_at/kjupezo/,1
201,kjuqnm1,False,phatcan,"Weird request but does anybody know the font for ""Semiconductor companies""?",False,1706387605.0,/r/dataisbeautiful/comments/1accvcl/gender_racial_diversity_of_usa_employees_at/kjuqnm1/,1
202,kjw0bxi,kjuqnm1,teamongered,"""Lexend"". I used it via google slides",True,1706405556.0,/r/dataisbeautiful/comments/1accvcl/gender_racial_diversity_of_usa_employees_at/kjw0bxi/,1
203,kjurukd,False,Ok-Seaworthiness2235,There should always be two metrics next to these: racial/gender makeup of the regions companies are located and PAY SCALE OF EACH COMPANY¬† ‚Äì- Remember: there's no point to diversity if the wages aren't equal,False,1706388041.0,/r/dataisbeautiful/comments/1accvcl/gender_racial_diversity_of_usa_employees_at/kjurukd/,1
204,kjus3my,False,Concerned_Asuran,How the heck do you even find this data? TSMC doesn't publish any employee information for security reasons. Neither does Intel from what I know. Apple does but I'm sure they fudge it.,False,1706388133.0,/r/dataisbeautiful/comments/1accvcl/gender_racial_diversity_of_usa_employees_at/kjus3my/,1
205,kjuun1t,False,Creative-Road-5293,https://en.m.wikipedia.org/wiki/File:SAT-math-by-race-ethnicity.png ‚Äì- I wonder why...,False,1706389066.0,/r/dataisbeautiful/comments/1accvcl/gender_racial_diversity_of_usa_employees_at/kjuun1t/,1
206,kjv0igs,False,kitelooper,"Ah the USA, they sure love to segregate peoples based on race!",False,1706391364.0,/r/dataisbeautiful/comments/1accvcl/gender_racial_diversity_of_usa_employees_at/kjv0igs/,1
207,kjv51uj,False,Firecracker048,Is the indicator here that the more white the less diverse?,False,1706393116.0,/r/dataisbeautiful/comments/1accvcl/gender_racial_diversity_of_usa_employees_at/kjv51uj/,1
208,kjv96ow,False,rodolfor90,"I think my it would be even more asian if you restricted to engineering roles. I work at AMD and my team is 18 people, 13 of these based in the US. Of those 13, it‚Äôs 6 chinese, 4 indians, 1 iranian, 1 mexican (me), and 1 white american. 1 of the indians is american born, but otherwise we are all foreign born besides him and the white american. This ratio is pretty common at other companies too, as I know quite a few people at intel/Qualcomm/Nvidia/arm/etc. ‚Äì-  ‚Äì- Also, only 1 on the US based employees is a woman",False,1706394695.0,/r/dataisbeautiful/comments/1accvcl/gender_racial_diversity_of_usa_employees_at/kjv96ow/,1
209,kjvt273,False,Tsuruchi_jandhel,Tsmc's amount of Asian workers vs. Asian executives...,False,1706402655.0,/r/dataisbeautiful/comments/1accvcl/gender_racial_diversity_of_usa_employees_at/kjvt273/,1
210,kjvyt26,False,_CMDR_,The lack of labels on the right hand charts makes them almost impossible to use except for broad trends. Otherwise this is really well done.,False,1706404942.0,/r/dataisbeautiful/comments/1accvcl/gender_racial_diversity_of_usa_employees_at/kjvyt26/,1
211,kjwxcdc,kjvyt26,teamongered,"Thanks! Yeah I figured keeping the labels in would have added a lot of clutter to the visualization, so the right hand figures are there to just provide a sense of trends.",True,1706420018.0,/r/dataisbeautiful/comments/1accvcl/gender_racial_diversity_of_usa_employees_at/kjwxcdc/,1
212,kjxkflg,False,Joao_Lagoa,What about Samsung? Why don't they ever show up in these graphs - are they not considered semiconductor companies? ‚Äì- Or they meet the threshold on the number of employees?,False,1706435104.0,/r/dataisbeautiful/comments/1accvcl/gender_racial_diversity_of_usa_employees_at/kjxkflg/,1
213,kk0engk,False,Some_Medium,Must get female numbers up. Buy more plants.,False,1706478500.0,/r/dataisbeautiful/comments/1accvcl/gender_racial_diversity_of_usa_employees_at/kk0engk/,1
214,kk0khlo,False,Renaissance-2995,"This is awesome data and tracks with a question I'm very interested in researching. Nameley, is there a quantifyiable correlation between a company's level of diversity and it's profitability? May I share your slides?",False,1706480461.0,/r/dataisbeautiful/comments/1accvcl/gender_racial_diversity_of_usa_employees_at/kk0khlo/,1
215,kk2lafz,kk0khlo,teamongered,Yes you‚Äôre free to use it,True,1706509390.0,/r/dataisbeautiful/comments/1accvcl/gender_racial_diversity_of_usa_employees_at/kk2lafz/,1
